Title,Brand,Price,Rating,Rating Count,Review Count,URL
Qubo Elite Lock by HERO GROUP 5-Way Unlocking Fingerprint Pincode Mobile App Smart Door Lock,Qubo,"₹13,490",5,5 Ratings &,1 Reviews,https://www.flipkart.com/qubo-elite-lock-hero-group-5-way-unlocking-fingerprint-pincode-mobile-app-smart-door/p/itm56a0fc560d344?pid=SLOGZ4MNYSGJESNJ&lid=LSTSLOGZ4MNYSGJESNJPGMB6H&marketplace=FLIPKART&q=smart+lock&store=igc%2Fu0f&srno=s_2_41&otracker=search&otracker1=search&fm=organic&iid=en_F9CJ8h8iK5kx-TY4Et8TaauboIay7F2k-j36J3Nqrqzbc-s1WVYfTPy1zx4lVWhyaKf5_0tU87iRoYiDno-UqPUFjCTyOHoHZs-Z5_PS_w0%3D&ppt=None&ppn=None&ssid=c3j6dpxavk0000001730088711842&qH=cbd6bd39f1bc0eb5
"Atomberg Azhero With Fingerprint, PIN, OTP, NFC, App, Key Access & 2 Bolts Smart Door Lock",Atomberg,"₹9,499",4.6,27 Ratings &,7 Reviews,https://www.flipkart.com/atomberg-azhero-fingerprint-pin-otp-nfc-app-key-access-2-bolts-smart-door-lock/p/itm0f9b2a53c01b9?pid=SLOHFHHKYNES54HB&lid=LSTSLOHFHHKYNES54HB8PUJYE&marketplace=FLIPKART&q=smart+lock&store=igc%2Fu0f&srno=s_2_42&otracker=search&otracker1=search&fm=organic&iid=en_F9CJ8h8iK5kx-TY4Et8TaauboIay7F2k-j36J3NqrqyLE5uyrtlzuERieMrdgcbnaXI2vYPdVn0TJtargGiz8fUFjCTyOHoHZs-Z5_PS_w0%3D&ppt=None&ppn=None&ssid=c3j6dpxavk0000001730088711842&qH=cbd6bd39f1bc0eb5
"SPEEDY Wifi Enabled Smart Door Lock for Main Door with 5 in 1 Access | Biometric, 2 Emergency Keys | (No Extra Gateway Required) | 2-year Warranty & Free Installation by brand Smart Door Lock",SPEEDY,"₹7,497",4.2,0,0,https://www.flipkart.com/speedy-wifi-enabled-smart-door-lock-main-5-1-access-biometric-2-emergency-keys-no-extra-gateway-required-2-year-warranty-free-installation-brand/p/itm2f79aebf4eaf0?pid=SLOH2HGETCHPV3DQ&lid=LSTSLOH2HGETCHPV3DQYDEKMA&marketplace=FLIPKART&q=smart+lock&store=igc%2Fu0f&srno=s_2_43&otracker=search&otracker1=search&fm=organic&iid=7caf129a-732f-4fec-b0a9-f3f87abf2b33.SLOH2HGETCHPV3DQ.SEARCH&ppt=None&ppn=None&ssid=c3j6dpxavk0000001730088711842&qH=cbd6bd39f1bc0eb5
"Yale YTYE Silver with Mechanical Key, Pin Code and Backlit Keyboard Smart Door Lock",Yale,"₹4,499",4.1,0,0,https://www.flipkart.com/yale-ytye-silver-mechanical-key-pin-code-backlit-keyboard-smart-door-lock/p/itm33dbd9290c8ce?pid=SLOGY94YQUTSJE2R&lid=LSTSLOGY94YQUTSJE2RHDKAXK&marketplace=FLIPKART&q=smart+lock&store=igc%2Fu0f&srno=s_2_44&otracker=search&otracker1=search&fm=organic&iid=7caf129a-732f-4fec-b0a9-f3f87abf2b33.SLOGY94YQUTSJE2R.SEARCH&ppt=None&ppn=None&ssid=c3j6dpxavk0000001730088711842&qH=cbd6bd39f1bc0eb5
"SPEEDY WiFi Enabled Smart Door Lock for Main Door with 5 in 1 Access | Biometric, 2 Emergency Keys | (No Extra Gateway Required) | 5 in 1 Life LITE |2-Year Warranty & Free Installation by Brand Smart Door Lock",SPEEDY,"₹6,499",4.2,0,0,https://www.flipkart.com/speedy-wifi-enabled-smart-door-lock-main-5-1-access-biometric-2-emergency-keys-no-extra-gateway-required-life-lite-2-year-warranty-free-installation-brand/p/itmb960e398b02b1?pid=SLOH4GTZG4WFWA7B&lid=LSTSLOH4GTZG4WFWA7BE1MGSI&marketplace=FLIPKART&q=smart+lock&store=igc%2Fu0f&srno=s_2_45&otracker=search&otracker1=search&fm=organic&iid=7caf129a-732f-4fec-b0a9-f3f87abf2b33.SLOH4GTZG4WFWA7B.SEARCH&ppt=None&ppn=None&ssid=c3j6dpxavk0000001730088711842&qH=cbd6bd39f1bc0eb5
"OZONE Smart Internal Door Lock for Glass Doors with 4-way Access Mobile App, Fingerprint, Password and RFID Card | Black Smart Door Lock",OZONE,"₹17,493",4.4,0,0,https://www.flipkart.com/ozone-smart-internal-door-lock-glass-doors-4-way-access-mobile-app-fingerprint-password-rfid-card-black/p/itm500832313e8b1?pid=SLOGJTH3SFPZPHV3&lid=LSTSLOGJTH3SFPZPHV31O69J4&marketplace=FLIPKART&q=smart+lock&store=igc%2Fu0f&srno=s_2_46&otracker=search&otracker1=search&fm=organic&iid=7caf129a-732f-4fec-b0a9-f3f87abf2b33.SLOGJTH3SFPZPHV3.SEARCH&ppt=None&ppn=None&ssid=c3j6dpxavk0000001730088711842&qH=cbd6bd39f1bc0eb5
Qubo Smart Elite by HERO GROUP 5-Way Unlocking Fingerprint Pincode Mobile App Smart Door Lock,Qubo,"₹11,990",4.3,8 Ratings &,1 Reviews,https://www.flipkart.com/qubo-smart-elite-hero-group-5-way-unlocking-fingerprint-pincode-mobile-app-door-lock/p/itm0973ead2f8956?pid=SLOGZ4MNB2UW442R&lid=LSTSLOGZ4MNB2UW442RWZHKAR&marketplace=FLIPKART&q=smart+lock&store=igc%2Fu0f&srno=s_2_47&otracker=search&otracker1=search&fm=organic&iid=en_F9CJ8h8iK5kx-TY4Et8TaauboIay7F2k-j36J3NqrqxnrV0R_ynmLqNRYDeoBXlprM0n6Rve0Y3zATSHnAcY6PUFjCTyOHoHZs-Z5_PS_w0%3D&ppt=None&ppn=None&ssid=c3j6dpxavk0000001730088711842&qH=cbd6bd39f1bc0eb5
"Atomberg SL1 With Fingerprint, PIN, OTP, NFC Card, App, Key Access & 5 Bolts Smart Door Lock",Atomberg,"₹13,999",4.8,41 Ratings &,19 Reviews,https://www.flipkart.com/atomberg-sl1-fingerprint-pin-otp-nfc-card-app-key-access-5-bolts-smart-door-lock/p/itm8262f7c4932db?pid=SLOGTBZFW6T3JMZ2&lid=LSTSLOGTBZFW6T3JMZ2GEVKAW&marketplace=FLIPKART&q=smart+lock&store=igc%2Fu0f&srno=s_2_48&otracker=search&otracker1=search&fm=organic&iid=en_F9CJ8h8iK5kx-TY4Et8TaauboIay7F2k-j36J3NqrqzCugJpycx7TSvhHHAlqVPrxIJRw11YbOF_9Mm2ajpAYfUFjCTyOHoHZs-Z5_PS_w0%3D&ppt=None&ppn=None&ssid=c3j6dpxavk0000001730088711842&qH=cbd6bd39f1bc0eb5
hazon bazaar Zinc Alloy Security Pad Anti Theft System with Burglar Alarm Siren Smart Door Lock,hazon bazaar,₹433,4.7,3 Ratings &,0 Reviews,https://www.flipkart.com/hazon-bazaar-zinc-alloy-security-pad-anti-theft-system-burglar-alarm-siren-smart-door-lock/p/itma426de9d24c9e?pid=SLOGXU8SQH2ERJFD&lid=LSTSLOGXU8SQH2ERJFDV8SAUA&marketplace=FLIPKART&q=smart+lock&store=igc%2Fu0f&srno=s_2_49&otracker=search&otracker1=search&fm=organic&iid=7caf129a-732f-4fec-b0a9-f3f87abf2b33.SLOGXU8SQH2ERJFD.SEARCH&ppt=None&ppn=None&ssid=c3j6dpxavk0000001730088711842&qH=cbd6bd39f1bc0eb5
"Yale YDME 50 NxT with Biometric, Mech Keys, Alarm Feature Smart Door Lock",Yale,"₹9,999",4,17 Ratings &,1 Reviews,https://www.flipkart.com/yale-ydme-50-nxt-biometric-mech-keys-alarm-feature-smart-door-lock/p/itmfc335d11a8d33?pid=SLOGF7G7EH7P5SYW&lid=LSTSLOGF7G7EH7P5SYWJ3BAJW&marketplace=FLIPKART&q=smart+lock&store=igc%2Fu0f&srno=s_2_50&otracker=search&otracker1=search&fm=organic&iid=7caf129a-732f-4fec-b0a9-f3f87abf2b33.SLOGF7G7EH7P5SYW.SEARCH&ppt=None&ppn=None&ssid=c3j6dpxavk0000001730088711842&qH=cbd6bd39f1bc0eb5
Qubo HERO GROUP 5-Way Unlocking Fingerprint Pincode Mobile App Smart Door Lock,Qubo,"₹15,990",4.4,30 Ratings &,2 Reviews,https://www.flipkart.com/qubo-hero-group-5-way-unlocking-fingerprint-pincode-mobile-app-smart-door-lock/p/itma3234df3c09c3?pid=SLOGDGQZCYVXZADF&lid=LSTSLOGDGQZCYVXZADF4RKMTT&marketplace=FLIPKART&q=smart+lock&store=igc%2Fu0f&srno=s_2_51&otracker=search&otracker1=search&fm=organic&iid=en_F9CJ8h8iK5kx-TY4Et8TaauboIay7F2k-j36J3Nqrqzs5rRBL6x2AD3TMZEM0nltMG6aYTIFDJfOvPi2FbVFm_UFjCTyOHoHZs-Z5_PS_w0%3D&ppt=None&ppn=None&ssid=c3j6dpxavk0000001730088711842&qH=cbd6bd39f1bc0eb5
"Atomberg SL1 With Fingerprint, PIN, OTP, NFC Card, App, Key Access & 5 Bolts Smart Door Lock",Atomberg,"₹13,999",4.8,41 Ratings &,19 Reviews,https://www.flipkart.com/atomberg-sl1-fingerprint-pin-otp-nfc-card-app-key-access-5-bolts-smart-door-lock/p/itm51cdcb8b535b2?pid=SLOGTBZ36YXCVHPM&lid=LSTSLOGTBZ36YXCVHPMKFHYJT&marketplace=FLIPKART&q=smart+lock&store=igc%2Fu0f&srno=s_2_52&otracker=search&otracker1=search&fm=organic&iid=en_F9CJ8h8iK5kx-TY4Et8TaauboIay7F2k-j36J3NqrqxMA1u1jiXdvNVB1gfhxJwxaG6_e3KieecRls6BkYbEpfUFjCTyOHoHZs-Z5_PS_w0%3D&ppt=None&ppn=None&ssid=c3j6dpxavk0000001730088711842&qH=cbd6bd39f1bc0eb5
Plantex Smart Door Lock/Digital Fingerprint Lock/Cylindrical Smart Lock for Wooden Door Smart Door Lock,Plantex,"₹3,499",4,0,0,https://www.flipkart.com/plantex-smart-door-lock-digital-fingerprint-lock-cylindrical-lock-wooden/p/itm70073cd6065dd?pid=SLOH52VFDRJWQDD4&lid=LSTSLOH52VFDRJWQDD4XWFXHN&marketplace=FLIPKART&q=smart+lock&store=igc%2Fu0f&srno=s_2_53&otracker=search&otracker1=search&fm=organic&iid=7caf129a-732f-4fec-b0a9-f3f87abf2b33.SLOH52VFDRJWQDD4.SEARCH&ppt=None&ppn=None&ssid=c3j6dpxavk0000001730088711842&qH=cbd6bd39f1bc0eb5
GOLENS X72 Latest Automatic Smart Digital Door Lock | 5 Ways Unlocking Smart Door Lock,GOLENS,"₹10,999",3.1,0,0,https://www.flipkart.com/golens-x72-latest-automatic-smart-digital-door-lock-5-ways-unlocking/p/itmaf2de17f2a889?pid=SLOGXPC9EZ7YGAHW&lid=LSTSLOGXPC9EZ7YGAHWRSWGLY&marketplace=FLIPKART&q=smart+lock&store=igc%2Fu0f&srno=s_2_54&otracker=search&otracker1=search&fm=organic&iid=7caf129a-732f-4fec-b0a9-f3f87abf2b33.SLOGXPC9EZ7YGAHW.SEARCH&ppt=None&ppn=None&ssid=c3j6dpxavk0000001730088711842&qH=cbd6bd39f1bc0eb5
olsic Smart Fingerprint Padlock Waterproof Keyless Anti-theft Security Lock Usb Charging For Locker Travel Luggage Smart Door Lock,olsic,"₹1,899",3.5,0,0,https://www.flipkart.com/olsic-smart-fingerprint-padlock-waterproof-keyless-anti-theft-security-lock-usb-charging-locker-travel-luggage-door/p/itme99d1b02522de?pid=SLOH58JTEVBXWKDP&lid=LSTSLOH58JTEVBXWKDPVK4HS1&marketplace=FLIPKART&q=smart+lock&store=igc%2Fu0f&srno=s_2_55&otracker=search&otracker1=search&fm=organic&iid=7caf129a-732f-4fec-b0a9-f3f87abf2b33.SLOH58JTEVBXWKDP.SEARCH&ppt=None&ppn=None&ssid=c3j6dpxavk0000001730088711842&qH=cbd6bd39f1bc0eb5
jenix RFID card BLE hotel room door lock TTLock mobile app hotel managmen LEFT in Smart Door Lock,jenix,"₹4,299",3.7,0,0,https://www.flipkart.com/jenix-rfid-card-ble-hotel-room-door-lock-ttlock-mobile-app-managmen-left-smart/p/itm328ea9114b8e7?pid=SLOHYF3GKDH8PYGK&lid=LSTSLOHYF3GKDH8PYGK2J6TSO&marketplace=FLIPKART&q=smart+lock&store=igc%2Fu0f&srno=s_2_56&otracker=search&otracker1=search&fm=organic&iid=7caf129a-732f-4fec-b0a9-f3f87abf2b33.SLOHYF3GKDH8PYGK.SEARCH&ppt=None&ppn=None&ssid=c3j6dpxavk0000001730088711842&qH=cbd6bd39f1bc0eb5
"SPEEDY Wi-Fi Rim Lock for Internal Doors | Smart Door Lock | 5-Way Unlocking | Mobile App, Fingerprint, PIN, RFID Card & Emergency Key | 2-year Warranty & Free Installation by brand Smart Door Lock",SPEEDY,"₹4,770",4.2,0,0,https://www.flipkart.com/speedy-wi-fi-rim-lock-internal-doors-smart-door-5-way-unlocking-mobile-app-fingerprint-pin-rfid-card-emergency-key-2-year-warranty-free-installation-brand/p/itm77fa4e830c9ee?pid=SLOH3SBGX9HFPG5R&lid=LSTSLOH3SBGX9HFPG5ROAV19O&marketplace=FLIPKART&q=smart+lock&store=igc%2Fu0f&srno=s_2_57&otracker=search&otracker1=search&fm=organic&iid=en_F9CJ8h8iK5kx-TY4Et8TaauboIay7F2k-j36J3Nqrqy8iGHlQxe-BWZgs6ZhIbaYWys6DwMs1eMcm6cUPxeYsQ%3D%3D&ppt=None&ppn=None&ssid=c3j6dpxavk0000001730088711842&qH=cbd6bd39f1bc0eb5
"Atomberg Azhero With Fingerprint, PIN, OTP, NFC, App, Key Access & 2 Bolts Smart Door Lock",Atomberg,"₹9,499",4.6,27 Ratings &,7 Reviews,https://www.flipkart.com/atomberg-azhero-fingerprint-pin-otp-nfc-app-key-access-2-bolts-smart-door-lock/p/itm31bc94add40c9?pid=SLOHFHHKN22WBXVQ&lid=LSTSLOHFHHKN22WBXVQ8ZZBHD&marketplace=FLIPKART&q=smart+lock&store=igc%2Fu0f&srno=s_2_58&otracker=search&otracker1=search&fm=organic&iid=en_F9CJ8h8iK5kx-TY4Et8TaauboIay7F2k-j36J3NqrqzlmPsr045H6bE4MUXjYKWjD-QLozq45m7Bm8MmPu-OOvUFjCTyOHoHZs-Z5_PS_w0%3D&ppt=None&ppn=None&ssid=c3j6dpxavk0000001730088711842&qH=cbd6bd39f1bc0eb5
Luxafare Automatic door closer Smart Door Lock,Luxafare,₹348,3.5,20 Ratings &,1 Reviews,https://www.flipkart.com/luxafare-automatic-door-closer-smart-lock/p/itm4a0b1ad8fe264?pid=SLOGZH72V6782RSY&lid=LSTSLOGZH72V6782RSY9RMKX8&marketplace=FLIPKART&q=smart+lock&store=igc%2Fu0f&srno=s_2_59&otracker=search&otracker1=search&fm=organic&iid=7caf129a-732f-4fec-b0a9-f3f87abf2b33.SLOGZH72V6782RSY.SEARCH&ppt=None&ppn=None&ssid=c3j6dpxavk0000001730088711842&qH=cbd6bd39f1bc0eb5
"PocketShop Multifunctional Automatic Door Closer, Automatically Self Closing Door Smart Door Lock",PocketShop,₹299,3.3,0,0,https://www.flipkart.com/pocketshop-multifunctional-automatic-door-closer-automatically-self-closing-smart-lock/p/itmbddc5db82c6fe?pid=SLOGWFHDHEXCHAGE&lid=LSTSLOGWFHDHEXCHAGEGH42YM&marketplace=FLIPKART&q=smart+lock&store=igc%2Fu0f&srno=s_2_60&otracker=search&otracker1=search&fm=organic&iid=7caf129a-732f-4fec-b0a9-f3f87abf2b33.SLOGWFHDHEXCHAGE.SEARCH&ppt=None&ppn=None&ssid=c3j6dpxavk0000001730088711842&qH=cbd6bd39f1bc0eb5
"BonKaso H6 Smart Door Lock for Home and Office | 6-Way Unlocking Features- Fingerprint, Passcode, Bluetooth, Key Card, Mechanical Key, OTP Access | 2 Year Warranty Smart Door Lock",BonKaso,"₹5,866",3.6,0,0,https://www.flipkart.com/bonkaso-h6-smart-door-lock-home-office-6-way-unlocking-features-fingerprint-passcode-bluetooth-key-card-mechanical-key-otp-access-2-year-warranty/p/itmf0e2524d2891b?pid=SLOH39FCZYGYXBDY&lid=LSTSLOH39FCZYGYXBDYIT8F9J&marketplace=FLIPKART&q=smart+lock&store=igc%2Fu0f&srno=s_2_61&otracker=search&otracker1=search&fm=organic&iid=en_F9CJ8h8iK5kx-TY4Et8TaauboIay7F2k-j36J3NqrqzTOdIqOzvd9DJbR2WHWTJvk3dDcOo5IrAA0BhF8NEgjKV8WX5krIChubBlraAu4CQ%3D&ppt=None&ppn=None&ssid=c3j6dpxavk0000001730088711842&qH=cbd6bd39f1bc0eb5
"BonKaso H9 Smart Door Lock for Home and Office | 6-Way Unlocking Features- Fingerprint, Passcode, Bluetooth, Key Card, Mechanical Key, OTP Access | 2 Year Warranty Smart Door Lock",BonKaso,"₹6,843",3.6,0,0,https://www.flipkart.com/bonkaso-h9-smart-door-lock-home-office-6-way-unlocking-features-fingerprint-passcode-bluetooth-key-card-mechanical-key-otp-access-2-year-warranty/p/itm64cf53416a4fd?pid=SLOH3J7FPJBNGZAZ&lid=LSTSLOH3J7FPJBNGZAZPC4XNE&marketplace=FLIPKART&q=smart+lock&store=igc%2Fu0f&srno=s_2_62&otracker=search&otracker1=search&fm=organic&iid=en_F9CJ8h8iK5kx-TY4Et8TaauboIay7F2k-j36J3Nqrqz5gya6hWX0rxmCmR85IeA5JRS3cNkiQwcgnB7FiwO3thhTy0lUJ14SzoMSv_CzLF0%3D&ppt=None&ppn=None&ssid=c3j6dpxavk0000001730088711842&qH=cbd6bd39f1bc0eb5
WeKonnect EM-LOCK Smart Door Lock,WeKonnect,"₹1,499",4.7,3 Ratings &,0 Reviews,https://www.flipkart.com/wekonnect-em-lock-smart-door-lock/p/itm11f51be4afbf4?pid=SLOFZDNUPHHZCNMN&lid=LSTSLOFZDNUPHHZCNMN5MVDJX&marketplace=FLIPKART&q=smart+lock&store=igc%2Fu0f&srno=s_2_63&otracker=search&otracker1=search&fm=organic&iid=7caf129a-732f-4fec-b0a9-f3f87abf2b33.SLOFZDNUPHHZCNMN.SEARCH&ppt=None&ppn=None&ssid=c3j6dpxavk0000001730088711842&qH=cbd6bd39f1bc0eb5
IBDA FINGERPRINT KEYLESS BIOMETRIC PAD Smart Door Lock,IBDA,"₹3,999",3.8,12 Ratings &,2 Reviews,https://www.flipkart.com/ibda-fingerprint-keyless-biometric-pad-smart-door-lock/p/itm5ec13465d850c?pid=SLOGAZPVYR3WVRR3&lid=LSTSLOGAZPVYR3WVRR3RJNLGR&marketplace=FLIPKART&q=smart+lock&store=igc%2Fu0f&srno=s_2_64&otracker=search&otracker1=search&fm=organic&iid=7caf129a-732f-4fec-b0a9-f3f87abf2b33.SLOGAZPVYR3WVRR3.SEARCH&ppt=None&ppn=None&ssid=c3j6dpxavk0000001730088711842&qH=cbd6bd39f1bc0eb5
PROBEROS Sliding s 90 Degree Heavy Duty Barn Hardware with Reflective Smart Door Lock,PROBEROS,₹896,4.2,0,0,https://www.flipkart.com/proberos-sliding-s-90-degree-heavy-duty-barn-hardware-reflective-smart-door-lock/p/itmb09abbaf56f1c?pid=SLOGPAYKXJ5J43VX&lid=LSTSLOGPAYKXJ5J43VXYKDY79&marketplace=FLIPKART&q=smart+lock&store=igc%2Fu0f&srno=s_2_65&otracker=search&otracker1=search&fm=organic&iid=7caf129a-732f-4fec-b0a9-f3f87abf2b33.SLOGPAYKXJ5J43VX.SEARCH&ppt=None&ppn=None&ssid=c3j6dpxavk0000001730088711842&qH=cbd6bd39f1bc0eb5
iPlug Smart Door Lock i-04 Copper | 6-Way Unlocking | Video INTERCOM WiFi Mobile App Smart Door Lock,iPlug,"₹16,500",3.1,0,0,https://www.flipkart.com/iplug-smart-door-lock-i-04-copper-6-way-unlocking-video-intercom-wifi-mobile-app/p/itm9479d9a971a27?pid=SLOGR7WY4DQRG7FE&lid=LSTSLOGR7WY4DQRG7FEMGUA6G&marketplace=FLIPKART&q=smart+lock&store=igc%2Fu0f&srno=s_2_66&otracker=search&otracker1=search&fm=organic&iid=7caf129a-732f-4fec-b0a9-f3f87abf2b33.SLOGR7WY4DQRG7FE.SEARCH&ppt=None&ppn=None&ssid=c3j6dpxavk0000001730088711842&qH=cbd6bd39f1bc0eb5
WildCard India Fingerprint Padlock Smart Door Lock,WildCard India,"₹2,599",3.3,0,0,https://www.flipkart.com/wildcard-india-fingerprint-padlock-smart-door-lock/p/itm9b814141e2792?pid=SLOH53WZSKEWUEGZ&lid=LSTSLOH53WZSKEWUEGZNI6CR7&marketplace=FLIPKART&q=smart+lock&store=igc%2Fu0f&srno=s_2_67&otracker=search&otracker1=search&fm=organic&iid=en_F9CJ8h8iK5kx-TY4Et8TaauboIay7F2k-j36J3Nqrqw-rtVMf9j1P8nwv610AdeWA4wloRMlGMJyA9UBEaU40w%3D%3D&ppt=None&ppn=None&ssid=c3j6dpxavk0000001730088711842&qH=cbd6bd39f1bc0eb5
lumia JAWS Smart Door Lock,lumia,"₹13,999",3.9,0,0,https://www.flipkart.com/lumia-jaws-smart-door-lock/p/itm46e9696a7cc34?pid=SLOH5YTKKVZG7EAF&lid=LSTSLOH5YTKKVZG7EAFDWTXQE&marketplace=FLIPKART&q=smart+lock&store=igc%2Fu0f&srno=s_2_68&otracker=search&otracker1=search&fm=organic&iid=en_F9CJ8h8iK5kx-TY4Et8TaauboIay7F2k-j36J3NqrqxktfToWLTSAiyn8oD4sHjwhMTJ6LMljSipQGYrB16Nsg%3D%3D&ppt=None&ppn=None&ssid=c3j6dpxavk0000001730088711842&qH=cbd6bd39f1bc0eb5
Linkify Biometric Fingerprint Padlock | Keyless Smart Lock for Indoor and Outdoor Use Smart Door Lock,Linkify,"₹1,199",3.1,0,0,https://www.flipkart.com/linkify-biometric-fingerprint-padlock-keyless-smart-lock-indoor-outdoor-use-door/p/itmac2204069206c?pid=SLOH5HMNPNXGAHVJ&lid=LSTSLOH5HMNPNXGAHVJYF2WAN&marketplace=FLIPKART&q=smart+lock&store=igc%2Fu0f&srno=s_2_69&otracker=search&otracker1=search&fm=organic&iid=7caf129a-732f-4fec-b0a9-f3f87abf2b33.SLOH5HMNPNXGAHVJ.SEARCH&ppt=None&ppn=None&ssid=c3j6dpxavk0000001730088711842&qH=cbd6bd39f1bc0eb5
Qubo Elite (COOPER) Smart Door Lock,Qubo,"₹10,798",3.7,0,0,https://www.flipkart.com/qubo-elite-cooper-smart-door-lock/p/itm3a225b2fb33ce?pid=SLOGYT8NSMSHFBKY&lid=LSTSLOGYT8NSMSHFBKYVT2QPW&marketplace=FLIPKART&q=smart+lock&store=igc%2Fu0f&srno=s_2_70&otracker=search&otracker1=search&fm=organic&iid=7caf129a-732f-4fec-b0a9-f3f87abf2b33.SLOGYT8NSMSHFBKY.SEARCH&ppt=None&ppn=None&ssid=c3j6dpxavk0000001730088711842&qH=cbd6bd39f1bc0eb5
"SPEEDY WiFi Enabled Smart Door Lock for Main Door with 5 in 1 Access | Biometric, 2 Emergency Keys | (No Extra Gateway Required) | 2-year Warranty & Free Installation by brand Smart Door Lock",SPEEDY,"₹6,626",4.2,0,0,https://www.flipkart.com/speedy-wifi-enabled-smart-door-lock-main-5-1-access-biometric-2-emergency-keys-no-extra-gateway-required-2-year-warranty-free-installation-brand/p/itma029f1d4c1220?pid=SLOH2HJ8Z4CGBMX8&lid=LSTSLOH2HJ8Z4CGBMX8LA5H8O&marketplace=FLIPKART&q=smart+lock&store=igc%2Fu0f&srno=s_2_71&otracker=search&otracker1=search&fm=organic&iid=en_F9CJ8h8iK5kx-TY4Et8TaauboIay7F2k-j36J3NqrqzNoryq0jP_scBZDeWnZIX9jjjppAP3nUYL7gazFRFWrA%3D%3D&ppt=None&ppn=None&ssid=c3j6dpxavk0000001730088711842&qH=cbd6bd39f1bc0eb5
"Yale YDME 100 NxT Smart Digital Lock for Wooden Door with Fingerprint, RFID, Pin Code, Mechanical Key & Alarm Feature Smart Door Lock",Yale,"₹11,999",4.1,0,0,https://www.flipkart.com/yale-ydme-100-nxt-smart-digital-lock-wooden-door-fingerprint-rfid-pin-code-mechanical-key-alarm-feature/p/itmf0de90221660b?pid=SLOH47JVEUHYEGTE&lid=LSTSLOH47JVEUHYEGTEECXN3C&marketplace=FLIPKART&q=smart+lock&store=igc%2Fu0f&srno=s_2_72&otracker=search&otracker1=search&fm=organic&iid=en_F9CJ8h8iK5kx-TY4Et8TaauboIay7F2k-j36J3NqrqwVcyzpepubnxGTOiz2pI34_Q3ju8OUlkS-0aNA3dWrUQ%3D%3D&ppt=None&ppn=None&ssid=c3j6dpxavk0000001730088711842&qH=cbd6bd39f1bc0eb5
Qubo Elite Smart Door Lock,Qubo,"₹10,897",3.7,0,0,https://www.flipkart.com/qubo-elite-smart-door-lock/p/itm18c83838fa015?pid=SLOGY2SMGZCGZEEG&lid=LSTSLOGY2SMGZCGZEEGQSIPWB&marketplace=FLIPKART&q=smart+lock&store=igc%2Fu0f&srno=s_2_73&otracker=search&otracker1=search&fm=organic&iid=7caf129a-732f-4fec-b0a9-f3f87abf2b33.SLOGY2SMGZCGZEEG.SEARCH&ppt=None&ppn=None&ssid=c3j6dpxavk0000001730088711842&qH=cbd6bd39f1bc0eb5
lavna 6522 Smart Door Lock,lavna,"₹6,900",4.4,0,0,https://www.flipkart.com/lavna-6522-smart-door-lock/p/itme1d86ddb87380?pid=SLOGZK9FHQHXHTWE&lid=LSTSLOGZK9FHQHXHTWEDUKR6V&marketplace=FLIPKART&q=smart+lock&store=igc%2Fu0f&srno=s_2_74&otracker=search&otracker1=search&fm=organic&iid=7caf129a-732f-4fec-b0a9-f3f87abf2b33.SLOGZK9FHQHXHTWE.SEARCH&ppt=None&ppn=None&ssid=c3j6dpxavk0000001730088711842&qH=cbd6bd39f1bc0eb5
Godrej Catus Touch Plus I Smart Digital Door Lock I 4 in 1 Access Smart Door Lock,Godrej,"₹12,735",4.7,0,0,https://www.flipkart.com/godrej-catus-touch-plus-smart-digital-door-lock-4-1-access/p/itmf067cef0008ea?pid=SLOHF73WXYR83QYK&lid=LSTSLOHF73WXYR83QYKCGDZCW&marketplace=FLIPKART&q=smart+lock&store=igc%2Fu0f&srno=s_2_75&otracker=search&otracker1=search&fm=organic&iid=7caf129a-732f-4fec-b0a9-f3f87abf2b33.SLOHF73WXYR83QYK.SEARCH&ppt=None&ppn=None&ssid=c3j6dpxavk0000001730088711842&qH=cbd6bd39f1bc0eb5
AltroSmart ASLMX Smart Door Lock,AltroSmart,"₹23,165",4.1,0,0,https://www.flipkart.com/altrosmart-aslmx-smart-door-lock/p/itm3130ac136b7bf?pid=SLOG4SENXDFYCJGH&lid=LSTSLOG4SENXDFYCJGHI54OVC&marketplace=FLIPKART&q=smart+lock&store=igc%2Fu0f&srno=s_2_76&otracker=search&otracker1=search&fm=organic&iid=7caf129a-732f-4fec-b0a9-f3f87abf2b33.SLOG4SENXDFYCJGH.SEARCH&ppt=None&ppn=None&ssid=c3j6dpxavk0000001730088711842&qH=cbd6bd39f1bc0eb5
iPlug Smart Door Lock i-x7 | 4-Way Unlocking | Fingerprint | Pincode |RFID Access Card Smart Door Lock,iPlug,"₹8,600",3.1,0,0,https://www.flipkart.com/iplug-smart-door-lock-i-x7-4-way-unlocking-fingerprint-pincode-rfid-access-card/p/itm1e1d6a42af991?pid=SLOH4Y6FQQKMFYKK&lid=LSTSLOH4Y6FQQKMFYKKMNPUSS&marketplace=FLIPKART&q=smart+lock&store=igc%2Fu0f&srno=s_2_77&otracker=search&otracker1=search&fm=organic&iid=en_F9CJ8h8iK5kx-TY4Et8TaauboIay7F2k-j36J3Nqrqzs-aIUNB-GBHW5IECgvsjwVUfQnKB1k44-6c4jEXK-Qg%3D%3D&ppt=None&ppn=None&ssid=c3j6dpxavk0000001730088711842&qH=cbd6bd39f1bc0eb5
"Yale TYE Black Digital Door Lock with Mechanical Key, Pin Code and Backlit Keyboard Compatible for Home, Office, Hotel | Door Thickness 35-45.5mm Smart Door Lock",Yale,"₹4,499",4.6,5 Ratings &,0 Reviews,https://www.flipkart.com/yale-tye-black-digital-door-lock-mechanical-key-pin-code-backlit-keyboard-compatible-home-office-hotel-thickness-35-45-5mm-smart/p/itmf67aacde7906e?pid=SLOGW3JS4G2V9EZN&lid=LSTSLOGW3JS4G2V9EZNXDUHLV&marketplace=FLIPKART&q=smart+lock&store=igc%2Fu0f&srno=s_2_78&otracker=search&otracker1=search&fm=organic&iid=en_F9CJ8h8iK5kx-TY4Et8TaauboIay7F2k-j36J3Nqrqw1fA-OMQ8m7guEgjX8DlhMWkCxWgaKrJdnJS-Mn568fw%3D%3D&ppt=None&ppn=None&ssid=c3j6dpxavk0000001730088711842&qH=cbd6bd39f1bc0eb5
"Aayansh Collection Electronic Door Lock Puls Booster, For Security, Smart Door Lock",Aayansh Collection,₹699,3.7,0,0,https://www.flipkart.com/aayansh-collection-electronic-door-lock-puls-booster-security-smart/p/itm936dcb42549d0?pid=SLOGZ5HJYRDUW6SM&lid=LSTSLOGZ5HJYRDUW6SMJWRJMC&marketplace=FLIPKART&q=smart+lock&store=igc%2Fu0f&srno=s_2_79&otracker=search&otracker1=search&fm=organic&iid=7caf129a-732f-4fec-b0a9-f3f87abf2b33.SLOGZ5HJYRDUW6SM.SEARCH&ppt=None&ppn=None&ssid=c3j6dpxavk0000001730088711842&qH=cbd6bd39f1bc0eb5
Godrej Catus Touch Plus I Smart Digital Lock for Wooden Door I 4 in 1 Access I 3 Bolts Smart Door Lock,Godrej,"₹12,495",4.7,0,0,https://www.flipkart.com/godrej-catus-touch-plus-smart-digital-lock-wooden-door-4-1-access-3-bolts/p/itmfad05e8b4f801?pid=SLOHF73WA4NEQSS5&lid=LSTSLOHF73WA4NEQSS5GLHZOO&marketplace=FLIPKART&q=smart+lock&store=igc%2Fu0f&srno=s_2_80&otracker=search&otracker1=search&fm=organic&iid=7caf129a-732f-4fec-b0a9-f3f87abf2b33.SLOHF73WA4NEQSS5.SEARCH&ppt=None&ppn=None&ssid=c3j6dpxavk0000001730088711842&qH=cbd6bd39f1bc0eb5
