Product URL,Product Title,Brand,Price,Rating,Rating Count,Best Seller Rank
https://amazon.in/sspa/click?ie=UTF8&spc=MTo4NTk4NTQwMjQwNTY5OTc0OjE3MzAwOTYzNjU6c3BfYXRmX25leHQ6MzAwMzQ3Nzc4MDcyODMyOjowOjo&url=%2FMygate-Fingerprint-Mechanical-Feature-Warranty%2Fdp%2FB0DD4DKCDH%2Fref%3Dsr_1_241_sspa%3Fcrid%3D3MNJ4J5A0A3FY%26dib%3DeyJ2IjoiMSJ9.FFpj_7Mz-vx8N9F2Ka_kNqBQc4WEOw8ueKVx3NRW5glTFiJj5tfPputag7WO1oXdp8j3UP76y7Mq2Sth8GiPaVQc2y-VnSb4XgASl3UUhEF9_QL49EYihwY_zed8COkiJ7fx69p7mGjbTRS7yHhUIw2KDAok4uK1MeVfnae_AlrAmuHdvxXisF7N3cZJNavCdai7z4LCSpx5f8ntB1PlbVcBqRiqf3-wrb2d10ir98N00kwnlbdxamoedcrnKUbQWT8oVeCLHYOEKr9VKSRL9STK_4Fg_pplJD0NV5m6bB4.8RFwPu27NrqiY6RIEbaJWV0LLpp6RJN7Z5bF38RVoaU%26dib_tag%3Dse%26keywords%3Dsmart%2Block%26qid%3D1730096365%26sprefix%3Dsmart%2Block%252Caps%252C209%26sr%3D8-241-spons%26sp_csd%3Dd2lkZ2V0TmFtZT1zcF9hdGZfbmV4dA%26psc%3D1,Mygate Smart Lock SE | 6-Ways to Unlock | Fingerprint | Mobile App Access | OTP | PIN Access | RFID Card | Mechanical Key | Decoy Pin Feature | 3-Years Warranty,Mygate,"₹8,450",Deal is no longer available.,122 ratings,#553 in Home Improvement (See Top 100 in Home Improvement)  #2 in Home Security & Surveillance Biometrics
https://amazon.in/sspa/click?ie=UTF8&spc=MTo4NTk4NTQwMjQwNTY5OTc0OjE3MzAwOTYzNjU6c3BfYXRmX25leHQ6MzAwMDk4MzY3MjMzNTMyOjowOjo&url=%2FQUBO-Unlocking-Fingerprint-Mechanical-Stainless%2Fdp%2FB09M8QS88Y%2Fref%3Dsr_1_242_sspa%3Fcrid%3D3MNJ4J5A0A3FY%26dib%3DeyJ2IjoiMSJ9.FFpj_7Mz-vx8N9F2Ka_kNqBQc4WEOw8ueKVx3NRW5glTFiJj5tfPputag7WO1oXdp8j3UP76y7Mq2Sth8GiPaVQc2y-VnSb4XgASl3UUhEF9_QL49EYihwY_zed8COkiJ7fx69p7mGjbTRS7yHhUIw2KDAok4uK1MeVfnae_AlrAmuHdvxXisF7N3cZJNavCdai7z4LCSpx5f8ntB1PlbVcBqRiqf3-wrb2d10ir98N00kwnlbdxamoedcrnKUbQWT8oVeCLHYOEKr9VKSRL9STK_4Fg_pplJD0NV5m6bB4.8RFwPu27NrqiY6RIEbaJWV0LLpp6RJN7Z5bF38RVoaU%26dib_tag%3Dse%26keywords%3Dsmart%2Block%26qid%3D1730096365%26sprefix%3Dsmart%2Block%252Caps%252C209%26sr%3D8-242-spons%26sp_csd%3Dd2lkZ2V0TmFtZT1zcF9hdGZfbmV4dA%26psc%3D1,QUBO Smart Door Lock Select from Hero Group | 6-Way Unlocking | Fingerprint | PIN | RFID Access Card | Bluetooth Mobile App | Mechanical Key | OTP Access | 2 Years Brand Warranty | (Black),Qubo,"₹15,990",,"1,082 ratings","#1,716 in Home Improvement (See Top 100 in Home Improvement)  #11 in Home Security & Surveillance Biometrics"
https://amazon.in/sspa/click?ie=UTF8&spc=MTo4NTk4NTQwMjQwNTY5OTc0OjE3MzAwOTYzNjU6c3BfYXRmX25leHQ6MzAwMzQ1NDEyNDg0ODMyOjowOjo&url=%2FQUBO-Essential-Unlocking-Fingerprint-Mechanical%2Fdp%2FB0BS9LFSWJ%2Fref%3Dsr_1_243_sspa%3Fcrid%3D3MNJ4J5A0A3FY%26dib%3DeyJ2IjoiMSJ9.FFpj_7Mz-vx8N9F2Ka_kNqBQc4WEOw8ueKVx3NRW5glTFiJj5tfPputag7WO1oXdp8j3UP76y7Mq2Sth8GiPaVQc2y-VnSb4XgASl3UUhEF9_QL49EYihwY_zed8COkiJ7fx69p7mGjbTRS7yHhUIw2KDAok4uK1MeVfnae_AlrAmuHdvxXisF7N3cZJNavCdai7z4LCSpx5f8ntB1PlbVcBqRiqf3-wrb2d10ir98N00kwnlbdxamoedcrnKUbQWT8oVeCLHYOEKr9VKSRL9STK_4Fg_pplJD0NV5m6bB4.8RFwPu27NrqiY6RIEbaJWV0LLpp6RJN7Z5bF38RVoaU%26dib_tag%3Dse%26keywords%3Dsmart%2Block%26qid%3D1730096365%26sprefix%3Dsmart%2Block%252Caps%252C209%26sr%3D8-243-spons%26sp_csd%3Dd2lkZ2V0TmFtZT1zcF9hdGZfbmV4dA%26psc%3D1,QUBO Smart Door Lock Essential from Hero Group | 6-Way Unlocking | Fingerprint | PIN | RFID Card | Bluetooth Mobile App | Mechanical Key | OTP Access | 1 Year Brand Warranty | (Copper),Qubo,"₹9,490",,"1,472 ratings","#1,218 in Home Improvement (See Top 100 in Home Improvement)  #5 in Home Security & Surveillance Biometrics"
https://amazon.in/sspa/click?ie=UTF8&spc=MTo4NTk4NTQwMjQwNTY5OTc0OjE3MzAwOTYzNjU6c3BfYXRmX25leHQ6MzAwMzU5MTg1MTM2NTMyOjowOjo&url=%2FGodrej-Fingerprint-Mechanical-Locking-Warranty%2Fdp%2FB0CWRTM7T5%2Fref%3Dsr_1_244_sspa%3Fcrid%3D3MNJ4J5A0A3FY%26dib%3DeyJ2IjoiMSJ9.FFpj_7Mz-vx8N9F2Ka_kNqBQc4WEOw8ueKVx3NRW5glTFiJj5tfPputag7WO1oXdp8j3UP76y7Mq2Sth8GiPaVQc2y-VnSb4XgASl3UUhEF9_QL49EYihwY_zed8COkiJ7fx69p7mGjbTRS7yHhUIw2KDAok4uK1MeVfnae_AlrAmuHdvxXisF7N3cZJNavCdai7z4LCSpx5f8ntB1PlbVcBqRiqf3-wrb2d10ir98N00kwnlbdxamoedcrnKUbQWT8oVeCLHYOEKr9VKSRL9STK_4Fg_pplJD0NV5m6bB4.8RFwPu27NrqiY6RIEbaJWV0LLpp6RJN7Z5bF38RVoaU%26dib_tag%3Dse%26keywords%3Dsmart%2Block%26qid%3D1730096365%26sprefix%3Dsmart%2Block%252Caps%252C209%26sr%3D8-244-spons%26sp_csd%3Dd2lkZ2V0TmFtZT1zcF9hdGZfbmV4dA%26psc%3D1,Godrej Smart Lock I Catus Connect I Digital Lock for Wooden Door | 5 in 1 Access I WiFi I Fingerprint I RFID Card I PIN Access I Mechanical Key I 3 Strong Locking Dead Bolts I Rose Gold I3 Yr Warranty,Godrej Locking Solutions and Systems,"₹14,739",,593 ratings,"#1,397 in Home Improvement (See Top 100 in Home Improvement)  #8 in Home Security & Surveillance Biometrics"
https://amazon.in/Okos-Supports-Automation-Fingerprint-Password/dp/B08P9KP4RG/ref=sr_1_245?crid=3MNJ4J5A0A3FY&dib=eyJ2IjoiMSJ9.FFpj_7Mz-vx8N9F2Ka_kNqBQc4WEOw8ueKVx3NRW5glTFiJj5tfPputag7WO1oXdp8j3UP76y7Mq2Sth8GiPaVQc2y-VnSb4XgASl3UUhEF9_QL49EYihwY_zed8COkiJ7fx69p7mGjbTRS7yHhUIw2KDAok4uK1MeVfnae_AlrAmuHdvxXisF7N3cZJNavCdai7z4LCSpx5f8ntB1PlbVcBqRiqf3-wrb2d10ir98N00kwnlbdxamoedcrnKUbQWT8oVeCLHYOEKr9VKSRL9STK_4Fg_pplJD0NV5m6bB4.8RFwPu27NrqiY6RIEbaJWV0LLpp6RJN7Z5bF38RVoaU&dib_tag=se&keywords=smart+lock&qid=1730096365&sprefix=smart+lock%2Caps%2C209&sr=8-245,"Okos Smart Door Lock for Wooden Doors, Supports Home Automation, Fingerprint, Mobile App, RFID Card, Pin Password and Key, for Home and Office Use, Works with Left and Right Open Doors",Okos,N/A,5.0,1 rating,N/A
https://amazon.in/Smart-Door-Lock-Fingerprint-Mechanical/dp/B0D87D6592/ref=sr_1_246?crid=3MNJ4J5A0A3FY&dib=eyJ2IjoiMSJ9.FFpj_7Mz-vx8N9F2Ka_kNqBQc4WEOw8ueKVx3NRW5glTFiJj5tfPputag7WO1oXdp8j3UP76y7Mq2Sth8GiPaVQc2y-VnSb4XgASl3UUhEF9_QL49EYihwY_zed8COkiJ7fx69p7mGjbTRS7yHhUIw2KDAok4uK1MeVfnae_AlrAmuHdvxXisF7N3cZJNavCdai7z4LCSpx5f8ntB1PlbVcBqRiqf3-wrb2d10ir98N00kwnlbdxamoedcrnKUbQWT8oVeCLHYOEKr9VKSRL9STK_4Fg_pplJD0NV5m6bB4.8RFwPu27NrqiY6RIEbaJWV0LLpp6RJN7Z5bF38RVoaU&dib_tag=se&keywords=smart+lock&qid=1730096365&sprefix=smart+lock%2Caps%2C209&sr=8-246,Smart Door Lock | 5-Way Unlocking | Fingerprint | Pincode | RFID Access Card | Bluetooth Mobile App | Mechanical Key | Biometric Fingerprint Door Lock | Digital Door Lock - Auto Secure,Matiko,"₹7,999",,N/A,N/A
https://amazon.in/Schlage-Digital-Fingerprint-Resistant-Warranty/dp/B0BCWQKH1F/ref=sr_1_247?crid=3MNJ4J5A0A3FY&dib=eyJ2IjoiMSJ9.FFpj_7Mz-vx8N9F2Ka_kNqBQc4WEOw8ueKVx3NRW5glTFiJj5tfPputag7WO1oXdp8j3UP76y7Mq2Sth8GiPaVQc2y-VnSb4XgASl3UUhEF9_QL49EYihwY_zed8COkiJ7fx69p7mGjbTRS7yHhUIw2KDAok4uK1MeVfnae_AlrAmuHdvxXisF7N3cZJNavCdai7z4LCSpx5f8ntB1PlbVcBqRiqf3-wrb2d10ir98N00kwnlbdxamoedcrnKUbQWT8oVeCLHYOEKr9VKSRL9STK_4Fg_pplJD0NV5m6bB4.8RFwPu27NrqiY6RIEbaJWV0LLpp6RJN7Z5bF38RVoaU&dib_tag=se&keywords=smart+lock&qid=1730096365&sprefix=smart+lock%2Caps%2C209&sr=8-247,Schlage S-6500 Digital Door Lock | No.1 Lock Brand Since 1920 | Access with Fingerprint PIN RFID Card or Key | Built-in Voice Guide | Weather Resistant | 2 Years Warranty,Generic,"₹14,990",,N/A,"#261,429 in Home Improvement (See Top 100 in Home Improvement)  #1,081 in Home Security & Surveillance Biometrics"
https://amazon.in/Hanutech-Fingerprint-Access-Manual-Installation/dp/B0CFG551X2/ref=sr_1_248?crid=3MNJ4J5A0A3FY&dib=eyJ2IjoiMSJ9.FFpj_7Mz-vx8N9F2Ka_kNqBQc4WEOw8ueKVx3NRW5glTFiJj5tfPputag7WO1oXdp8j3UP76y7Mq2Sth8GiPaVQc2y-VnSb4XgASl3UUhEF9_QL49EYihwY_zed8COkiJ7fx69p7mGjbTRS7yHhUIw2KDAok4uK1MeVfnae_AlrAmuHdvxXisF7N3cZJNavCdai7z4LCSpx5f8ntB1PlbVcBqRiqf3-wrb2d10ir98N00kwnlbdxamoedcrnKUbQWT8oVeCLHYOEKr9VKSRL9STK_4Fg_pplJD0NV5m6bB4.8RFwPu27NrqiY6RIEbaJWV0LLpp6RJN7Z5bF38RVoaU&dib_tag=se&keywords=smart+lock&qid=1730096365&sprefix=smart+lock%2Caps%2C209&sr=8-248,"Hanutech Smart Door Lock with Fingerprint, RFID, PIN Access & Manual Key Access, Black(Free Installation), Glass Finish",HANUTECH,"₹9,589",,N/A,"#265,112 in Home Improvement (See Top 100 in Home Improvement)  #1,096 in Home Security & Surveillance Biometrics"
https://amazon.in/Delavala-Smart-Lock-Door-Fingerprint/dp/B0CVGXVC8W/ref=sr_1_249?crid=3MNJ4J5A0A3FY&dib=eyJ2IjoiMSJ9.FFpj_7Mz-vx8N9F2Ka_kNqBQc4WEOw8ueKVx3NRW5glTFiJj5tfPputag7WO1oXdp8j3UP76y7Mq2Sth8GiPaVQc2y-VnSb4XgASl3UUhEF9_QL49EYihwY_zed8COkiJ7fx69p7mGjbTRS7yHhUIw2KDAok4uK1MeVfnae_AlrAmuHdvxXisF7N3cZJNavCdai7z4LCSpx5f8ntB1PlbVcBqRiqf3-wrb2d10ir98N00kwnlbdxamoedcrnKUbQWT8oVeCLHYOEKr9VKSRL9STK_4Fg_pplJD0NV5m6bB4.8RFwPu27NrqiY6RIEbaJWV0LLpp6RJN7Z5bF38RVoaU&dib_tag=se&keywords=smart+lock&qid=1730096365&sprefix=smart+lock%2Caps%2C209&sr=8-249,Delavala Smart Lock for Wooden Door | Catus Touch Plus | 5-Way Unlocking | | Fingerprint | Pincode| RFID Access Card | Bluetooth Mobile App | Mechanical Key I Black Finish I Keyless Entry Door Lock,Delavala,"₹8,000",,N/A,N/A
https://amazon.in/Tuchware-XS1100-Smart-RFID-Door/dp/B0BQMD4H76/ref=sr_1_250?crid=3MNJ4J5A0A3FY&dib=eyJ2IjoiMSJ9.FFpj_7Mz-vx8N9F2Ka_kNqBQc4WEOw8ueKVx3NRW5glTFiJj5tfPputag7WO1oXdp8j3UP76y7Mq2Sth8GiPaVQc2y-VnSb4XgASl3UUhEF9_QL49EYihwY_zed8COkiJ7fx69p7mGjbTRS7yHhUIw2KDAok4uK1MeVfnae_AlrAmuHdvxXisF7N3cZJNavCdai7z4LCSpx5f8ntB1PlbVcBqRiqf3-wrb2d10ir98N00kwnlbdxamoedcrnKUbQWT8oVeCLHYOEKr9VKSRL9STK_4Fg_pplJD0NV5m6bB4.8RFwPu27NrqiY6RIEbaJWV0LLpp6RJN7Z5bF38RVoaU&dib_tag=se&keywords=smart+lock&qid=1730096365&sprefix=smart+lock%2Caps%2C209&sr=8-250,"Tuchware XS1100 Smart RFID+BLE, Door Lock - Keyless Entry for Homes, Apartments, Office, Hotels (Left Handed Inside Open, Golden)",TUCHWARE,"₹6,999",,N/A,N/A
https://amazon.in/Tuchware-XS3300-Bluetooth-Mobile-Fingerprint/dp/B0BQMCPSVS/ref=sr_1_251?crid=3MNJ4J5A0A3FY&dib=eyJ2IjoiMSJ9.FFpj_7Mz-vx8N9F2Ka_kNqBQc4WEOw8ueKVx3NRW5glTFiJj5tfPputag7WO1oXdp8j3UP76y7Mq2Sth8GiPaVQc2y-VnSb4XgASl3UUhEF9_QL49EYihwY_zed8COkiJ7fx69p7mGjbTRS7yHhUIw2KDAok4uK1MeVfnae_AlrAmuHdvxXisF7N3cZJNavCdai7z4LCSpx5f8ntB1PlbVcBqRiqf3-wrb2d10ir98N00kwnlbdxamoedcrnKUbQWT8oVeCLHYOEKr9VKSRL9STK_4Fg_pplJD0NV5m6bB4.8RFwPu27NrqiY6RIEbaJWV0LLpp6RJN7Z5bF38RVoaU&dib_tag=se&keywords=smart+lock&qid=1730096365&sprefix=smart+lock%2Caps%2C209&sr=8-251,"Tuchware Smart Lock XS3300 with Bluetooth Mobile App, Fingerprint, PIN, OTP, RFID Card and Manual Key Access for Wooden Doors (Right/Left)",TUCHWARE,"₹9,999",,N/A,"#319,429 in Home Improvement (See Top 100 in Home Improvement)  #1,244 in Home Security & Surveillance Biometrics"
https://amazon.in/Okos-Fingerprint-Touchscreen-Biometric-Anti-peep/dp/B0B4VVQYKY/ref=sr_1_252?crid=3MNJ4J5A0A3FY&dib=eyJ2IjoiMSJ9.FFpj_7Mz-vx8N9F2Ka_kNqBQc4WEOw8ueKVx3NRW5glTFiJj5tfPputag7WO1oXdp8j3UP76y7Mq2Sth8GiPaVQc2y-VnSb4XgASl3UUhEF9_QL49EYihwY_zed8COkiJ7fx69p7mGjbTRS7yHhUIw2KDAok4uK1MeVfnae_AlrAmuHdvxXisF7N3cZJNavCdai7z4LCSpx5f8ntB1PlbVcBqRiqf3-wrb2d10ir98N00kwnlbdxamoedcrnKUbQWT8oVeCLHYOEKr9VKSRL9STK_4Fg_pplJD0NV5m6bB4.8RFwPu27NrqiY6RIEbaJWV0LLpp6RJN7Z5bF38RVoaU&dib_tag=se&keywords=smart+lock&qid=1730096365&sprefix=smart+lock%2Caps%2C209&sr=8-252,"Okos Smart Lever Lock,Smart Door Lock, Fingerprint and Touchscreen Door Lock, Keyless Entry Biometric Door Lock with Fingerprint & Anti-peep Code",Okos,"₹9,000",,N/A,N/A
https://amazon.in/Bluetooth-Enabled-Advanced-Encrypted-Communication/dp/B0BJKDY52P/ref=sr_1_253?crid=3MNJ4J5A0A3FY&dib=eyJ2IjoiMSJ9.FFpj_7Mz-vx8N9F2Ka_kNqBQc4WEOw8ueKVx3NRW5glTFiJj5tfPputag7WO1oXdp8j3UP76y7Mq2Sth8GiPaVQc2y-VnSb4XgASl3UUhEF9_QL49EYihwY_zed8COkiJ7fx69p7mGjbTRS7yHhUIw2KDAok4uK1MeVfnae_AlrAmuHdvxXisF7N3cZJNavCdai7z4LCSpx5f8ntB1PlbVcBqRiqf3-wrb2d10ir98N00kwnlbdxamoedcrnKUbQWT8oVeCLHYOEKr9VKSRL9STK_4Fg_pplJD0NV5m6bB4.8RFwPu27NrqiY6RIEbaJWV0LLpp6RJN7Z5bF38RVoaU&dib_tag=se&keywords=smart+lock&qid=1730096365&sprefix=smart+lock%2Caps%2C209&sr=8-253,"RFID and Bluetooth Enabled Smart Lock, Advanced Encrypted Communication - Safe and Secure Access",BioEnable,"₹8,000",,N/A,N/A
https://amazon.in/sspa/click?ie=UTF8&spc=MTo0NTYyMzcwOTc4MjExNDc4OjE3MzAwOTYzNjU6c3Bfc2VhcmNoX3RoZW1hdGljOjMwMDM0Nzc3ODA3MjczMjo6MDo6&url=%2FMygate-Fingerprint-Mechanical-Feature-Warranty%2Fdp%2FB0DD4B7F6S%2Fref%3Dsxin_23_pa_sp_search_thematic_sspa%3Fcontent-id%3Damzn1.sym.59126330-c308-4c36-a5a0-21cac002681f%253Aamzn1.sym.59126330-c308-4c36-a5a0-21cac002681f%26crid%3D3MNJ4J5A0A3FY%26cv_ct_cx%3Dsmart%2Block%26dib%3DeyJ2IjoiMSJ9.MZGiJyhA8fBtQb8ye6PTP5vsYYxXNG7K-cTrJTGY6-2S8hsFTJKch2Eq0J1WGFkJXGoo00Z7wAgEvKR6rikD2w.APnL3YX7A7jmoFjf-OxvWDh11q9XhrExqq7W_XNk__I%26dib_tag%3Dse%26keywords%3Dsmart%2Block%26pd_rd_i%3DB0DD4B7F6S%26pd_rd_r%3Df3d44afb-1e06-49e0-a795-4f0cd518d457%26pd_rd_w%3DblsUY%26pd_rd_wg%3DMNZH5%26pf_rd_p%3D59126330-c308-4c36-a5a0-21cac002681f%26pf_rd_r%3D9HPTH3G2MV5NKHE4R547%26qid%3D1730096365%26sbo%3DTc8eqSFhUl4VwMzbE4fw%252Fw%253D%253D%26sprefix%3Dsmart%2Block%252Caps%252C209%26sr%3D1-241-2ec22325-1003-449d-8aaf-c0bcc24717ae-spons%26sp_csd%3Dd2lkZ2V0TmFtZT1zcF9zZWFyY2hfdGhlbWF0aWM%26psc%3D1,Mygate Smart Lock SE | 6-Ways to Unlock | Fingerprint | Mobile App Access | OTP | PIN Access | RFID Card | Mechanical Key | Decoy Pin Feature | 3-Years Warranty,Mygate,"₹9,450",Deal is no longer available.,122 ratings,#577 in Home Improvement (See Top 100 in Home Improvement)  #2 in Home Security & Surveillance Biometrics
https://amazon.in/sspa/click?ie=UTF8&spc=MTo0NTYyMzcwOTc4MjExNDc4OjE3MzAwOTYzNjU6c3Bfc2VhcmNoX3RoZW1hdGljOjMwMDA5ODM2NzIzMzUzMjo6MTo6&url=%2FQUBO-Unlocking-Fingerprint-Mechanical-Stainless%2Fdp%2FB09M8QS88Y%2Fref%3Dsxin_23_pa_sp_search_thematic_sspa%3Fcontent-id%3Damzn1.sym.59126330-c308-4c36-a5a0-21cac002681f%253Aamzn1.sym.59126330-c308-4c36-a5a0-21cac002681f%26crid%3D3MNJ4J5A0A3FY%26cv_ct_cx%3Dsmart%2Block%26dib%3DeyJ2IjoiMSJ9.MZGiJyhA8fBtQb8ye6PTP5vsYYxXNG7K-cTrJTGY6-2S8hsFTJKch2Eq0J1WGFkJXGoo00Z7wAgEvKR6rikD2w.APnL3YX7A7jmoFjf-OxvWDh11q9XhrExqq7W_XNk__I%26dib_tag%3Dse%26keywords%3Dsmart%2Block%26pd_rd_i%3DB09M8QS88Y%26pd_rd_r%3Df3d44afb-1e06-49e0-a795-4f0cd518d457%26pd_rd_w%3DblsUY%26pd_rd_wg%3DMNZH5%26pf_rd_p%3D59126330-c308-4c36-a5a0-21cac002681f%26pf_rd_r%3D9HPTH3G2MV5NKHE4R547%26qid%3D1730096365%26sbo%3DRZvfv%252F%252FHxDF%252BO5021pAnSA%253D%253D%26sprefix%3Dsmart%2Block%252Caps%252C209%26sr%3D1-242-2ec22325-1003-449d-8aaf-c0bcc24717ae-spons%26sp_csd%3Dd2lkZ2V0TmFtZT1zcF9zZWFyY2hfdGhlbWF0aWM%26psc%3D1,QUBO Smart Door Lock Select from Hero Group | 6-Way Unlocking | Fingerprint | PIN | RFID Access Card | Bluetooth Mobile App | Mechanical Key | OTP Access | 2 Years Brand Warranty | (Black),Qubo,"₹15,990",,"1,082 ratings","#1,716 in Home Improvement (See Top 100 in Home Improvement)  #11 in Home Security & Surveillance Biometrics"
https://amazon.in/sspa/click?ie=UTF8&spc=MTo0NTYyMzcwOTc4MjExNDc4OjE3MzAwOTYzNjU6c3Bfc2VhcmNoX3RoZW1hdGljOjMwMDM1OTE4NTEzNjUzMjo6Mjo6&url=%2FGodrej-Fingerprint-Mechanical-Locking-Warranty%2Fdp%2FB0CWRTM7T5%2Fref%3Dsxin_23_pa_sp_search_thematic_sspa%3Fcontent-id%3Damzn1.sym.59126330-c308-4c36-a5a0-21cac002681f%253Aamzn1.sym.59126330-c308-4c36-a5a0-21cac002681f%26crid%3D3MNJ4J5A0A3FY%26cv_ct_cx%3Dsmart%2Block%26dib%3DeyJ2IjoiMSJ9.MZGiJyhA8fBtQb8ye6PTP5vsYYxXNG7K-cTrJTGY6-2S8hsFTJKch2Eq0J1WGFkJXGoo00Z7wAgEvKR6rikD2w.APnL3YX7A7jmoFjf-OxvWDh11q9XhrExqq7W_XNk__I%26dib_tag%3Dse%26keywords%3Dsmart%2Block%26pd_rd_i%3DB0CWRTM7T5%26pd_rd_r%3Df3d44afb-1e06-49e0-a795-4f0cd518d457%26pd_rd_w%3DblsUY%26pd_rd_wg%3DMNZH5%26pf_rd_p%3D59126330-c308-4c36-a5a0-21cac002681f%26pf_rd_r%3D9HPTH3G2MV5NKHE4R547%26qid%3D1730096365%26sbo%3DRZvfv%252F%252FHxDF%252BO5021pAnSA%253D%253D%26sprefix%3Dsmart%2Block%252Caps%252C209%26sr%3D1-243-2ec22325-1003-449d-8aaf-c0bcc24717ae-spons%26sp_csd%3Dd2lkZ2V0TmFtZT1zcF9zZWFyY2hfdGhlbWF0aWM%26psc%3D1,Godrej Smart Lock I Catus Connect I Digital Lock for Wooden Door | 5 in 1 Access I WiFi I Fingerprint I RFID Card I PIN Access I Mechanical Key I 3 Strong Locking Dead Bolts I Rose Gold I3 Yr Warranty,Godrej Locking Solutions and Systems,"₹14,739",,593 ratings,"#1,439 in Home Improvement (See Top 100 in Home Improvement)  #8 in Home Security & Surveillance Biometrics"
https://amazon.in/sspa/click?ie=UTF8&spc=MTo0NTYyMzcwOTc4MjExNDc4OjE3MzAwOTYzNjU6c3Bfc2VhcmNoX3RoZW1hdGljOjMwMDI1MzY4OTI4ODIzMjo6Mzo6&url=%2FQUBO-Essential-Unlocking-Fingerprint-Mechanical%2Fdp%2FB0BDFMGZVD%2Fref%3Dsxin_23_pa_sp_search_thematic_sspa%3Fcontent-id%3Damzn1.sym.59126330-c308-4c36-a5a0-21cac002681f%253Aamzn1.sym.59126330-c308-4c36-a5a0-21cac002681f%26crid%3D3MNJ4J5A0A3FY%26cv_ct_cx%3Dsmart%2Block%26dib%3DeyJ2IjoiMSJ9.MZGiJyhA8fBtQb8ye6PTP5vsYYxXNG7K-cTrJTGY6-2S8hsFTJKch2Eq0J1WGFkJXGoo00Z7wAgEvKR6rikD2w.APnL3YX7A7jmoFjf-OxvWDh11q9XhrExqq7W_XNk__I%26dib_tag%3Dse%26keywords%3Dsmart%2Block%26pd_rd_i%3DB0BDFMGZVD%26pd_rd_r%3Df3d44afb-1e06-49e0-a795-4f0cd518d457%26pd_rd_w%3DblsUY%26pd_rd_wg%3DMNZH5%26pf_rd_p%3D59126330-c308-4c36-a5a0-21cac002681f%26pf_rd_r%3D9HPTH3G2MV5NKHE4R547%26qid%3D1730096365%26sbo%3DRZvfv%252F%252FHxDF%252BO5021pAnSA%253D%253D%26sprefix%3Dsmart%2Block%252Caps%252C209%26sr%3D1-244-2ec22325-1003-449d-8aaf-c0bcc24717ae-spons%26sp_csd%3Dd2lkZ2V0TmFtZT1zcF9zZWFyY2hfdGhlbWF0aWM%26psc%3D1,QUBO Smart Door Lock Essential from Hero Group | 6-Way Unlocking | Fingerprint | PIN | RFID Card | Bluetooth Mobile App | Mechanical Key | OTP Access | 1 Year Brand Warranty | (Black),Qubo,"₹8,490",,"1,472 ratings","#1,178 in Home Improvement (See Top 100 in Home Improvement)  #5 in Home Security & Surveillance Biometrics"
https://amazon.in/sspa/click?ie=UTF8&spc=MTo0NTYyMzcwOTc4MjExNDc4OjE3MzAwOTYzNjU6c3Bfc2VhcmNoX3RoZW1hdGljOjMwMDM1OTE5MTcwMjgzMjo6NDo6&url=%2FGodrej-Solutions-Plus-biometric-Mechanical%2Fdp%2FB0BRD1XKVK%2Fref%3Dsxin_23_pa_sp_search_thematic_sspa%3Fcontent-id%3Damzn1.sym.59126330-c308-4c36-a5a0-21cac002681f%253Aamzn1.sym.59126330-c308-4c36-a5a0-21cac002681f%26crid%3D3MNJ4J5A0A3FY%26cv_ct_cx%3Dsmart%2Block%26dib%3DeyJ2IjoiMSJ9.MZGiJyhA8fBtQb8ye6PTP5vsYYxXNG7K-cTrJTGY6-2S8hsFTJKch2Eq0J1WGFkJXGoo00Z7wAgEvKR6rikD2w.APnL3YX7A7jmoFjf-OxvWDh11q9XhrExqq7W_XNk__I%26dib_tag%3Dse%26keywords%3Dsmart%2Block%26pd_rd_i%3DB0BRD1XKVK%26pd_rd_r%3Df3d44afb-1e06-49e0-a795-4f0cd518d457%26pd_rd_w%3DblsUY%26pd_rd_wg%3DMNZH5%26pf_rd_p%3D59126330-c308-4c36-a5a0-21cac002681f%26pf_rd_r%3D9HPTH3G2MV5NKHE4R547%26qid%3D1730096365%26sbo%3DRZvfv%252F%252FHxDF%252BO5021pAnSA%253D%253D%26sprefix%3Dsmart%2Block%252Caps%252C209%26sr%3D1-245-2ec22325-1003-449d-8aaf-c0bcc24717ae-spons%26sp_csd%3Dd2lkZ2V0TmFtZT1zcF9zZWFyY2hfdGhlbWF0aWM%26psc%3D1,Godrej Smart Lock I Catus Touch Plus Digital Lock for Main Wooden Door I for Main Door I 4 in 1 Access I Fingerprint I RFID I PIN Access I Mechanical Key I Black Finish,Godrej Locking Solutions and Systems,"₹11,599",,298 ratings,"#5,873 in Home Improvement (See Top 100 in Home Improvement)  #37 in Home Security & Surveillance Biometrics"
https://amazon.in/Houzmatic-Alpha-02-Digital-Handle-Fingerprint/dp/B0CQ7WVS15/ref=sr_1_254?crid=3MNJ4J5A0A3FY&dib=eyJ2IjoiMSJ9.FFpj_7Mz-vx8N9F2Ka_kNqBQc4WEOw8ueKVx3NRW5glTFiJj5tfPputag7WO1oXdp8j3UP76y7Mq2Sth8GiPaVQc2y-VnSb4XgASl3UUhEF9_QL49EYihwY_zed8COkiJ7fx69p7mGjbTRS7yHhUIw2KDAok4uK1MeVfnae_AlrAmuHdvxXisF7N3cZJNavCdai7z4LCSpx5f8ntB1PlbVcBqRiqf3-wrb2d10ir98N00kwnlbdxamoedcrnKUbQWT8oVeCLHYOEKr9VKSRL9STK_4Fg_pplJD0NV5m6bB4.8RFwPu27NrqiY6RIEbaJWV0LLpp6RJN7Z5bF38RVoaU&dib_tag=se&keywords=smart+lock&qid=1730096365&sprefix=smart+lock%2Caps%2C209&sr=8-254,"Houzmatic Alpha-02 Smart Door Lock, Digital Door Lock Long Handle 5-Way Unlock Camera, Mobile App,OTP, Fingerprint, PIN, RFID Card and Manual Key Access for Metal Wooden Doors Hinged Doors",Houzmatic,"₹11,999",,N/A,N/A
https://amazon.in/i-Touch-Digital-Smart-Wooden-Unlocking/dp/B0CQ1YMQCW/ref=sr_1_255?crid=3MNJ4J5A0A3FY&dib=eyJ2IjoiMSJ9.FFpj_7Mz-vx8N9F2Ka_kNqBQc4WEOw8ueKVx3NRW5glTFiJj5tfPputag7WO1oXdp8j3UP76y7Mq2Sth8GiPaVQc2y-VnSb4XgASl3UUhEF9_QL49EYihwY_zed8COkiJ7fx69p7mGjbTRS7yHhUIw2KDAok4uK1MeVfnae_AlrAmuHdvxXisF7N3cZJNavCdai7z4LCSpx5f8ntB1PlbVcBqRiqf3-wrb2d10ir98N00kwnlbdxamoedcrnKUbQWT8oVeCLHYOEKr9VKSRL9STK_4Fg_pplJD0NV5m6bB4.8RFwPu27NrqiY6RIEbaJWV0LLpp6RJN7Z5bF38RVoaU&dib_tag=se&keywords=smart+lock&qid=1730096365&sprefix=smart+lock%2Caps%2C209&sr=8-255,"i-Touch ITOS 2 Digital Door Lock/Smart Lock for Wooden Door with 5 Way Unlocking - Finger Print, Mechanical Key, RFID Card, Password, Mobile App Access, HD Camera for Home, Office, Hotel, Black",i-Touch,"₹12,999",,N/A,N/A
https://amazon.in/EZVIZ-Fingerprint-Electronic-Anti-Tamper-Low-Battery/dp/B0CDX87ZKJ/ref=sr_1_256?crid=3MNJ4J5A0A3FY&dib=eyJ2IjoiMSJ9.FFpj_7Mz-vx8N9F2Ka_kNqBQc4WEOw8ueKVx3NRW5glTFiJj5tfPputag7WO1oXdp8j3UP76y7Mq2Sth8GiPaVQc2y-VnSb4XgASl3UUhEF9_QL49EYihwY_zed8COkiJ7fx69p7mGjbTRS7yHhUIw2KDAok4uK1MeVfnae_AlrAmuHdvxXisF7N3cZJNavCdai7z4LCSpx5f8ntB1PlbVcBqRiqf3-wrb2d10ir98N00kwnlbdxamoedcrnKUbQWT8oVeCLHYOEKr9VKSRL9STK_4Fg_pplJD0NV5m6bB4.8RFwPu27NrqiY6RIEbaJWV0LLpp6RJN7Z5bF38RVoaU&dib_tag=se&keywords=smart+lock&qid=1730096365&sprefix=smart+lock%2Caps%2C209&sr=8-256,"EZVIZ L2S Smart Fingerprint Lock, Keyless Lock with Four Unlock Methods, Real-Time Mobile Alerts, Built-in Electronic Doorbell, Anti-Tamper Alarm, Low-Battery Warning, Easy User Management",EZVIZ,"₹14,807",,N/A,N/A
https://amazon.in/LACASA-LC814G-Fingerprint-Mechanical-Strength/dp/B0CHDZC2W8/ref=sr_1_257?crid=3MNJ4J5A0A3FY&dib=eyJ2IjoiMSJ9.FFpj_7Mz-vx8N9F2Ka_kNqBQc4WEOw8ueKVx3NRW5glTFiJj5tfPputag7WO1oXdp8j3UP76y7Mq2Sth8GiPaVQc2y-VnSb4XgASl3UUhEF9_QL49EYihwY_zed8COkiJ7fx69p7mGjbTRS7yHhUIw2KDAok4uK1MeVfnae_AlrAmuHdvxXisF7N3cZJNavCdai7z4LCSpx5f8ntB1PlbVcBqRiqf3-wrb2d10ir98N00kwnlbdxamoedcrnKUbQWT8oVeCLHYOEKr9VKSRL9STK_4Fg_pplJD0NV5m6bB4.8RFwPu27NrqiY6RIEbaJWV0LLpp6RJN7Z5bF38RVoaU&dib_tag=se&keywords=smart+lock&qid=1730096365&sprefix=smart+lock%2Caps%2C209&sr=8-257,LACASA Smart Door Lock LC814G |Fingerprint | Pincode | RFID Access Card | Wi-Fi Mobile App | Mechanical Key | Time Based Access | Auto Locking | High Strength | for Home and Office(Grey),LACASA,"₹12,980",,N/A,N/A
https://amazon.in/Houzmatic-Alpha-Smart-Door-Lock/dp/B0CQCYFMTJ/ref=sr_1_258?crid=3MNJ4J5A0A3FY&dib=eyJ2IjoiMSJ9.FFpj_7Mz-vx8N9F2Ka_kNqBQc4WEOw8ueKVx3NRW5glTFiJj5tfPputag7WO1oXdp8j3UP76y7Mq2Sth8GiPaVQc2y-VnSb4XgASl3UUhEF9_QL49EYihwY_zed8COkiJ7fx69p7mGjbTRS7yHhUIw2KDAok4uK1MeVfnae_AlrAmuHdvxXisF7N3cZJNavCdai7z4LCSpx5f8ntB1PlbVcBqRiqf3-wrb2d10ir98N00kwnlbdxamoedcrnKUbQWT8oVeCLHYOEKr9VKSRL9STK_4Fg_pplJD0NV5m6bB4.8RFwPu27NrqiY6RIEbaJWV0LLpp6RJN7Z5bF38RVoaU&dib_tag=se&keywords=smart+lock&qid=1730096365&sprefix=smart+lock%2Caps%2C209&sr=8-258,Houzmatic Alpha 01 Smart Door Lock,Houzmatic,"₹10,999",,N/A,N/A
https://amazon.in/ZKTeco-Unlocking-Fingerprint-Pincode-Mechanical/dp/B0BJVKSB64/ref=sr_1_259?crid=3MNJ4J5A0A3FY&dib=eyJ2IjoiMSJ9.FFpj_7Mz-vx8N9F2Ka_kNqBQc4WEOw8ueKVx3NRW5glTFiJj5tfPputag7WO1oXdp8j3UP76y7Mq2Sth8GiPaVQc2y-VnSb4XgASl3UUhEF9_QL49EYihwY_zed8COkiJ7fx69p7mGjbTRS7yHhUIw2KDAok4uK1MeVfnae_AlrAmuHdvxXisF7N3cZJNavCdai7z4LCSpx5f8ntB1PlbVcBqRiqf3-wrb2d10ir98N00kwnlbdxamoedcrnKUbQWT8oVeCLHYOEKr9VKSRL9STK_4Fg_pplJD0NV5m6bB4.8RFwPu27NrqiY6RIEbaJWV0LLpp6RJN7Z5bF38RVoaU&dib_tag=se&keywords=smart+lock&qid=1730096365&sprefix=smart+lock%2Caps%2C209&sr=8-259,ZKTeco Smart Door Lock with 5-Way Unlocking | Fingerprint | Pincode| RFID Access Card | Mobile App| Mechanical Key | - ML100,ZKTeco,"₹8,499",,7 ratings,"#126,673 in Home Improvement (See Top 100 in Home Improvement)  #629 in Home Security & Surveillance Biometrics"
https://amazon.in/Godrej-Lock-Spacetek-Digital-Biometric/dp/B09QJ1GFD4/ref=sr_1_260?crid=3MNJ4J5A0A3FY&dib=eyJ2IjoiMSJ9.FFpj_7Mz-vx8N9F2Ka_kNqBQc4WEOw8ueKVx3NRW5glTFiJj5tfPputag7WO1oXdp8j3UP76y7Mq2Sth8GiPaVQc2y-VnSb4XgASl3UUhEF9_QL49EYihwY_zed8COkiJ7fx69p7mGjbTRS7yHhUIw2KDAok4uK1MeVfnae_AlrAmuHdvxXisF7N3cZJNavCdai7z4LCSpx5f8ntB1PlbVcBqRiqf3-wrb2d10ir98N00kwnlbdxamoedcrnKUbQWT8oVeCLHYOEKr9VKSRL9STK_4Fg_pplJD0NV5m6bB4.8RFwPu27NrqiY6RIEbaJWV0LLpp6RJN7Z5bF38RVoaU&dib_tag=se&keywords=smart+lock&qid=1730096365&sprefix=smart+lock%2Caps%2C209&sr=8-260,"Godrej Smart Lock | Spacetek Pro Digital Lock |for Main Door, Biometric + Pin + RFID + Mechanical Key |Autolocking Digital Lock for Office & Home Door | Black Finish |3 yr Warranty",Godrej Locking Solutions and Systems,"₹30,500",,11 ratings,"#109,475 in Home Improvement (See Top 100 in Home Improvement)  #554 in Home Security & Surveillance Biometrics"
https://amazon.in/sspa/click?ie=UTF8&spc=MTo4NTk4NTQwMjQwNTY5OTc0OjE3MzAwOTYzNjU6c3BfbXRmOjMwMDM1OTE5MTcwMjYzMjo6MDo6&url=%2FGodrej-Digital-Fingerprint-Mechanical-Warranty%2Fdp%2FB0CJXQX5QC%2Fref%3Dsr_1_261_sspa%3Fcrid%3D3MNJ4J5A0A3FY%26dib%3DeyJ2IjoiMSJ9.FFpj_7Mz-vx8N9F2Ka_kNqBQc4WEOw8ueKVx3NRW5glTFiJj5tfPputag7WO1oXdp8j3UP76y7Mq2Sth8GiPaVQc2y-VnSb4XgASl3UUhEF9_QL49EYihwY_zed8COkiJ7fx69p7mGjbTRS7yHhUIw2KDAok4uK1MeVfnae_AlrAmuHdvxXisF7N3cZJNavCdai7z4LCSpx5f8ntB1PlbVcBqRiqf3-wrb2d10ir98N00kwnlbdxamoedcrnKUbQWT8oVeCLHYOEKr9VKSRL9STK_4Fg_pplJD0NV5m6bB4.8RFwPu27NrqiY6RIEbaJWV0LLpp6RJN7Z5bF38RVoaU%26dib_tag%3Dse%26keywords%3Dsmart%2Block%26qid%3D1730096365%26sprefix%3Dsmart%2Block%252Caps%252C209%26sr%3D8-261-spons%26sp_csd%3Dd2lkZ2V0TmFtZT1zcF9tdGY%26psc%3D1,Godrej Smart Lock I Catus Touch Plus I Smart Digital Lock for Wooden Door I 4 in 1 Access I Fingerprint I RFID I PIN Access I Mechanical Key I Rose Gold Finish I 3 Years Warranty,N/A,"₹11,549",,298 ratings,"#5,873 in Home Improvement (See Top 100 in Home Improvement)  #37 in Home Security & Surveillance Biometrics"
https://amazon.in/sspa/click?ie=UTF8&spc=MTo4NTk4NTQwMjQwNTY5OTc0OjE3MzAwOTYzNjU6c3BfbXRmOjMwMDI1MDQ3MTYzMzkzMjo6MDo6&url=%2FBonKaso-H9-Smart-Door-Lock%2Fdp%2FB0C3M29NHN%2Fref%3Dsr_1_262_sspa%3Fcrid%3D3MNJ4J5A0A3FY%26dib%3DeyJ2IjoiMSJ9.FFpj_7Mz-vx8N9F2Ka_kNqBQc4WEOw8ueKVx3NRW5glTFiJj5tfPputag7WO1oXdp8j3UP76y7Mq2Sth8GiPaVQc2y-VnSb4XgASl3UUhEF9_QL49EYihwY_zed8COkiJ7fx69p7mGjbTRS7yHhUIw2KDAok4uK1MeVfnae_AlrAmuHdvxXisF7N3cZJNavCdai7z4LCSpx5f8ntB1PlbVcBqRiqf3-wrb2d10ir98N00kwnlbdxamoedcrnKUbQWT8oVeCLHYOEKr9VKSRL9STK_4Fg_pplJD0NV5m6bB4.8RFwPu27NrqiY6RIEbaJWV0LLpp6RJN7Z5bF38RVoaU%26dib_tag%3Dse%26keywords%3Dsmart%2Block%26qid%3D1730096365%26sprefix%3Dsmart%2Block%252Caps%252C209%26sr%3D8-262-spons%26sp_csd%3Dd2lkZ2V0TmFtZT1zcF9tdGY%26psc%3D1,BonKaso H9 Smart Door Lock for Home and Office| 6-Way Unlocking Features|Fingerprint|Passcode|Key Card Access|Bluetooth|Mechanical Key|OTP Access|2 Year Warranty|(Black)| (Free Installation),BonKaso,"₹6,719",,29 ratings,"#10,389 in Home Improvement (See Top 100 in Home Improvement)  #69 in Home Security & Surveillance Biometrics"
https://amazon.in/sspa/click?ie=UTF8&spc=MTo4NTk4NTQwMjQwNTY5OTc0OjE3MzAwOTYzNjU6c3BfbXRmOjMwMDM0NzI4NTYyMzUzMjo6MDo6&url=%2FMygate-Fingerprint-Mechanical-Feature-Warranty%2Fdp%2FB0DCBMB7Q2%2Fref%3Dsr_1_263_sspa%3Fcrid%3D3MNJ4J5A0A3FY%26dib%3DeyJ2IjoiMSJ9.FFpj_7Mz-vx8N9F2Ka_kNqBQc4WEOw8ueKVx3NRW5glTFiJj5tfPputag7WO1oXdp8j3UP76y7Mq2Sth8GiPaVQc2y-VnSb4XgASl3UUhEF9_QL49EYihwY_zed8COkiJ7fx69p7mGjbTRS7yHhUIw2KDAok4uK1MeVfnae_AlrAmuHdvxXisF7N3cZJNavCdai7z4LCSpx5f8ntB1PlbVcBqRiqf3-wrb2d10ir98N00kwnlbdxamoedcrnKUbQWT8oVeCLHYOEKr9VKSRL9STK_4Fg_pplJD0NV5m6bB4.8RFwPu27NrqiY6RIEbaJWV0LLpp6RJN7Z5bF38RVoaU%26dib_tag%3Dse%26keywords%3Dsmart%2Block%26qid%3D1730096365%26sprefix%3Dsmart%2Block%252Caps%252C209%26sr%3D8-263-spons%26sp_csd%3Dd2lkZ2V0TmFtZT1zcF9tdGY%26psc%3D1,Mygate Smart Lock Plus | 6-Ways to Unlock | in-Built WiFi | Fingerprint | Mobile App Access | OTP | PIN Access | RFID Card | Mechanical Key | Decoy Pin Feature | 3-Years Warranty,Mygate,"₹15,490",4.7,80 ratings,#964 in Home Improvement (See Top 100 in Home Improvement)  #3 in Home Security & Surveillance Biometrics
https://amazon.in/sspa/click?ie=UTF8&spc=MTo4NTk4NTQwMjQwNTY5OTc0OjE3MzAwOTYzNjU6c3BfbXRmOjMwMDMzNjc4MDA2MTMzMjo6MDo6&url=%2FLAVNA-Stainless-Digital-Access-Fingerprint%2Fdp%2FB0D7HN5GPD%2Fref%3Dsr_1_264_sspa%3Fcrid%3D3MNJ4J5A0A3FY%26dib%3DeyJ2IjoiMSJ9.FFpj_7Mz-vx8N9F2Ka_kNqBQc4WEOw8ueKVx3NRW5glTFiJj5tfPputag7WO1oXdp8j3UP76y7Mq2Sth8GiPaVQc2y-VnSb4XgASl3UUhEF9_QL49EYihwY_zed8COkiJ7fx69p7mGjbTRS7yHhUIw2KDAok4uK1MeVfnae_AlrAmuHdvxXisF7N3cZJNavCdai7z4LCSpx5f8ntB1PlbVcBqRiqf3-wrb2d10ir98N00kwnlbdxamoedcrnKUbQWT8oVeCLHYOEKr9VKSRL9STK_4Fg_pplJD0NV5m6bB4.8RFwPu27NrqiY6RIEbaJWV0LLpp6RJN7Z5bF38RVoaU%26dib_tag%3Dse%26keywords%3Dsmart%2Block%26qid%3D1730096365%26sprefix%3Dsmart%2Block%252Caps%252C209%26sr%3D8-264-spons%26sp_csd%3Dd2lkZ2V0TmFtZT1zcF9tdGY%26psc%3D1,"LAVNA Zinc Alloy And Stainless Steel La28 Digital Smart Door Lock With 7 Ways Access Wifi Unlock,Fingerprint,Card,Pin,Otp,Mobile App And Manual Key Access For Wooden Doors(La28 Wifi + Bt,Gold)",LAVNA,"₹7,890",,984 ratings,"#4,340 in Home Improvement (See Top 100 in Home Improvement)  #26 in Home Security & Surveillance Biometrics"
https://amazon.in/iPlug-Real-Time-Recognition-Fingerprint-Traditional/dp/B0DFYHX3FP/ref=sr_1_265?crid=3MNJ4J5A0A3FY&dib=eyJ2IjoiMSJ9.FFpj_7Mz-vx8N9F2Ka_kNqBQc4WEOw8ueKVx3NRW5glTFiJj5tfPputag7WO1oXdp8j3UP76y7Mq2Sth8GiPaVQc2y-VnSb4XgASl3UUhEF9_QL49EYihwY_zed8COkiJ7fx69p7mGjbTRS7yHhUIw2KDAok4uK1MeVfnae_AlrAmuHdvxXisF7N3cZJNavCdai7z4LCSpx5f8ntB1PlbVcBqRiqf3-wrb2d10ir98N00kwnlbdxamoedcrnKUbQWT8oVeCLHYOEKr9VKSRL9STK_4Fg_pplJD0NV5m6bB4.8RFwPu27NrqiY6RIEbaJWV0LLpp6RJN7Z5bF38RVoaU&dib_tag=se&keywords=smart+lock&qid=1730096365&sprefix=smart+lock%2Caps%2C209&sr=8-265,iPlug IMAX PRO Smart Door Lock | 6 Way Access with Real-Time Visual Intercom | 3D Face Recognition | Fingerprint | RFID | App Control | OTP | Traditional Key | Stainless Steel (Copper Finish),iPlug,"₹32,000",,N/A,N/A
https://amazon.in/LACASA-LC850-Fingerprint-Strength-Toughened/dp/B0CHFJ8HC4/ref=sr_1_266?crid=3MNJ4J5A0A3FY&dib=eyJ2IjoiMSJ9.FFpj_7Mz-vx8N9F2Ka_kNqBQc4WEOw8ueKVx3NRW5glTFiJj5tfPputag7WO1oXdp8j3UP76y7Mq2Sth8GiPaVQc2y-VnSb4XgASl3UUhEF9_QL49EYihwY_zed8COkiJ7fx69p7mGjbTRS7yHhUIw2KDAok4uK1MeVfnae_AlrAmuHdvxXisF7N3cZJNavCdai7z4LCSpx5f8ntB1PlbVcBqRiqf3-wrb2d10ir98N00kwnlbdxamoedcrnKUbQWT8oVeCLHYOEKr9VKSRL9STK_4Fg_pplJD0NV5m6bB4.8RFwPu27NrqiY6RIEbaJWV0LLpp6RJN7Z5bF38RVoaU&dib_tag=se&keywords=smart+lock&qid=1730096365&sprefix=smart+lock%2Caps%2C209&sr=8-266,LACASA Smart Door Lock LC850 | Fingerprint | Pincode | RFID Access Card | Wi-Fi Mobile App | Keys | Time Based Access | Auto Locking | High Strength | for Toughened Glass Doors at Office(Black),LACASA,"₹19,420",,N/A,"#316,053 in Home Improvement (See Top 100 in Home Improvement)  #1,236 in Home Security & Surveillance Biometrics"
https://amazon.in/Dorset-Drawer-Fingerprint-Biometric-Cabinet/dp/B0BFWPV6VD/ref=sr_1_267?crid=3MNJ4J5A0A3FY&dib=eyJ2IjoiMSJ9.FFpj_7Mz-vx8N9F2Ka_kNqBQc4WEOw8ueKVx3NRW5glTFiJj5tfPputag7WO1oXdp8j3UP76y7Mq2Sth8GiPaVQc2y-VnSb4XgASl3UUhEF9_QL49EYihwY_zed8COkiJ7fx69p7mGjbTRS7yHhUIw2KDAok4uK1MeVfnae_AlrAmuHdvxXisF7N3cZJNavCdai7z4LCSpx5f8ntB1PlbVcBqRiqf3-wrb2d10ir98N00kwnlbdxamoedcrnKUbQWT8oVeCLHYOEKr9VKSRL9STK_4Fg_pplJD0NV5m6bB4.8RFwPu27NrqiY6RIEbaJWV0LLpp6RJN7Z5bF38RVoaU&dib_tag=se&keywords=smart+lock&qid=1730096365&sprefix=smart+lock%2Caps%2C209&sr=8-267,Dorset Smart Lock for Drawer -Pack of 3 | Fingerprint ID (Up to 20 Unique Access) | Biometric Drawer Lock for Home and Office | Smart Cabinet Lock | Black,Dorset,"₹9,855",,N/A,"#212,034 in Home Improvement (See Top 100 in Home Improvement)  #925 in Home Security & Surveillance Biometrics"
https://amazon.in/Delavala-Unlocking-Biometric-Fingerprint-Password/dp/B0CDH3S145/ref=sr_1_268?crid=3MNJ4J5A0A3FY&dib=eyJ2IjoiMSJ9.FFpj_7Mz-vx8N9F2Ka_kNqBQc4WEOw8ueKVx3NRW5glTFiJj5tfPputag7WO1oXdp8j3UP76y7Mq2Sth8GiPaVQc2y-VnSb4XgASl3UUhEF9_QL49EYihwY_zed8COkiJ7fx69p7mGjbTRS7yHhUIw2KDAok4uK1MeVfnae_AlrAmuHdvxXisF7N3cZJNavCdai7z4LCSpx5f8ntB1PlbVcBqRiqf3-wrb2d10ir98N00kwnlbdxamoedcrnKUbQWT8oVeCLHYOEKr9VKSRL9STK_4Fg_pplJD0NV5m6bB4.8RFwPu27NrqiY6RIEbaJWV0LLpp6RJN7Z5bF38RVoaU&dib_tag=se&keywords=smart+lock&qid=1730096365&sprefix=smart+lock%2Caps%2C209&sr=8-268,Delavala Tuya Smart Door Lock 5 Ways Unlocking Voice WiFi Biometric APP Fingerprint Door Handle Digital Keyless Password RFID Unlock for Home Security,N/A,"₹8,000",,N/A,N/A
https://amazon.in/iuknob-Fingerprint-Combination-Electronic-Apartments/dp/B0BVRNTDQG/ref=sr_1_269?crid=3MNJ4J5A0A3FY&dib=eyJ2IjoiMSJ9.FFpj_7Mz-vx8N9F2Ka_kNqBQc4WEOw8ueKVx3NRW5glTFiJj5tfPputag7WO1oXdp8j3UP76y7Mq2Sth8GiPaVQc2y-VnSb4XgASl3UUhEF9_QL49EYihwY_zed8COkiJ7fx69p7mGjbTRS7yHhUIw2KDAok4uK1MeVfnae_AlrAmuHdvxXisF7N3cZJNavCdai7z4LCSpx5f8ntB1PlbVcBqRiqf3-wrb2d10ir98N00kwnlbdxamoedcrnKUbQWT8oVeCLHYOEKr9VKSRL9STK_4Fg_pplJD0NV5m6bB4.8RFwPu27NrqiY6RIEbaJWV0LLpp6RJN7Z5bF38RVoaU&dib_tag=se&keywords=smart+lock&qid=1730096365&sprefix=smart+lock%2Caps%2C209&sr=8-269,"iuknob Fingerprint Door Knob with Keypad and Key, Smart Biometric Digital Lock with Voice Navigation Programming, Combination Zinc Electronic Handle for Interior Doors, Entry Gate,Bedrooms,Garage.",iuknob,"₹10,047",,150 ratings,"#364,666 in Home Improvement (See Top 100 in Home Improvement)  #1,390 in Home Security & Surveillance Biometrics"
https://amazon.in/LACASA-LC815-Fingerprint-Mechanical-Strength/dp/B0CHF76MCD/ref=sr_1_270?crid=3MNJ4J5A0A3FY&dib=eyJ2IjoiMSJ9.FFpj_7Mz-vx8N9F2Ka_kNqBQc4WEOw8ueKVx3NRW5glTFiJj5tfPputag7WO1oXdp8j3UP76y7Mq2Sth8GiPaVQc2y-VnSb4XgASl3UUhEF9_QL49EYihwY_zed8COkiJ7fx69p7mGjbTRS7yHhUIw2KDAok4uK1MeVfnae_AlrAmuHdvxXisF7N3cZJNavCdai7z4LCSpx5f8ntB1PlbVcBqRiqf3-wrb2d10ir98N00kwnlbdxamoedcrnKUbQWT8oVeCLHYOEKr9VKSRL9STK_4Fg_pplJD0NV5m6bB4.8RFwPu27NrqiY6RIEbaJWV0LLpp6RJN7Z5bF38RVoaU&dib_tag=se&keywords=smart+lock&qid=1730096365&sprefix=smart+lock%2Caps%2C209&sr=8-270,LACASA Smart Door Lock Push Pull LC815|Fingerprint | Pincode | RFID Access Card | Wi-Fi Mobile App | Mechanical Key | Time Based Access | Auto Locking | High Strength | for Home and Office | 16.5inch,LACASA,"₹19,482",,N/A,N/A
https://amazon.in/Linkify-Handle-Biometric-Fingerprint-Keyless/dp/B0DJTFQT5N/ref=sr_1_271?crid=3MNJ4J5A0A3FY&dib=eyJ2IjoiMSJ9.FFpj_7Mz-vx8N9F2Ka_kNqBQc4WEOw8ueKVx3NRW5glTFiJj5tfPputag7WO1oXdp8j3UP76y7Mq2Sth8GiPaVQc2y-VnSb4XgASl3UUhEF9_QL49EYihwY_zed8COkiJ7fx69p7mGjbTRS7yHhUIw2KDAok4uK1MeVfnae_AlrAmuHdvxXisF7N3cZJNavCdai7z4LCSpx5f8ntB1PlbVcBqRiqf3-wrb2d10ir98N00kwnlbdxamoedcrnKUbQWT8oVeCLHYOEKr9VKSRL9STK_4Fg_pplJD0NV5m6bB4.8RFwPu27NrqiY6RIEbaJWV0LLpp6RJN7Z5bF38RVoaU&dib_tag=se&keywords=smart+lock&qid=1730096365&sprefix=smart+lock%2Caps%2C209&sr=8-271,Linkify Smart Door Handle Lock with Biometric Fingerprint Sensor and Tuya APP for Keyless Entry on Wood Doors – 1-Year Warranty,N/A,"₹3,999",,N/A,N/A
https://amazon.in/Houzmatic-Alpha-X-Digital-Handle-Fingerprint/dp/B0D8LBR36V/ref=sr_1_272?crid=3MNJ4J5A0A3FY&dib=eyJ2IjoiMSJ9.FFpj_7Mz-vx8N9F2Ka_kNqBQc4WEOw8ueKVx3NRW5glTFiJj5tfPputag7WO1oXdp8j3UP76y7Mq2Sth8GiPaVQc2y-VnSb4XgASl3UUhEF9_QL49EYihwY_zed8COkiJ7fx69p7mGjbTRS7yHhUIw2KDAok4uK1MeVfnae_AlrAmuHdvxXisF7N3cZJNavCdai7z4LCSpx5f8ntB1PlbVcBqRiqf3-wrb2d10ir98N00kwnlbdxamoedcrnKUbQWT8oVeCLHYOEKr9VKSRL9STK_4Fg_pplJD0NV5m6bB4.8RFwPu27NrqiY6RIEbaJWV0LLpp6RJN7Z5bF38RVoaU&dib_tag=se&keywords=smart+lock&qid=1730096365&sprefix=smart+lock%2Caps%2C209&sr=8-272,"Houzmatic Alpha-X Smart Door Lock, Digital Door Lock Long Handle 6-Way Unlock Mobile App,OTP, Fingerprint, PIN, RFID Card and Manual Key Access for Wooden Doors",Houzmatic,"₹10,999",,N/A,N/A
https://amazon.in/DHVAJ-Unlocking-Fingerprint-Mechanical-Stainless/dp/B0B5NDL7ZL/ref=sr_1_273?crid=3MNJ4J5A0A3FY&dib=eyJ2IjoiMSJ9.FFpj_7Mz-vx8N9F2Ka_kNqBQc4WEOw8ueKVx3NRW5glTFiJj5tfPputag7WO1oXdp8j3UP76y7Mq2Sth8GiPaVQc2y-VnSb4XgASl3UUhEF9_QL49EYihwY_zed8COkiJ7fx69p7mGjbTRS7yHhUIw2KDAok4uK1MeVfnae_AlrAmuHdvxXisF7N3cZJNavCdai7z4LCSpx5f8ntB1PlbVcBqRiqf3-wrb2d10ir98N00kwnlbdxamoedcrnKUbQWT8oVeCLHYOEKr9VKSRL9STK_4Fg_pplJD0NV5m6bB4.8RFwPu27NrqiY6RIEbaJWV0LLpp6RJN7Z5bF38RVoaU&dib_tag=se&keywords=smart+lock&qid=1730096365&sprefix=smart+lock%2Caps%2C209&sr=8-273,DHVAJ Smart Door Lock with 5-Way Unlocking | Fingerprint | Pincode| Mobile App| Mechanical Key | OTP Access |Stainless Steel Mortise with 5 Bolts | Trust of Hero Group | - Silver,DHVAJ,"₹7,999",,N/A,N/A
https://amazon.in/Tuchware-XS3200-Fingerprint-Manual-Access/dp/B0BQM7RVTB/ref=sr_1_274?crid=3MNJ4J5A0A3FY&dib=eyJ2IjoiMSJ9.FFpj_7Mz-vx8N9F2Ka_kNqBQc4WEOw8ueKVx3NRW5glTFiJj5tfPputag7WO1oXdp8j3UP76y7Mq2Sth8GiPaVQc2y-VnSb4XgASl3UUhEF9_QL49EYihwY_zed8COkiJ7fx69p7mGjbTRS7yHhUIw2KDAok4uK1MeVfnae_AlrAmuHdvxXisF7N3cZJNavCdai7z4LCSpx5f8ntB1PlbVcBqRiqf3-wrb2d10ir98N00kwnlbdxamoedcrnKUbQWT8oVeCLHYOEKr9VKSRL9STK_4Fg_pplJD0NV5m6bB4.8RFwPu27NrqiY6RIEbaJWV0LLpp6RJN7Z5bF38RVoaU&dib_tag=se&keywords=smart+lock&qid=1730096365&sprefix=smart+lock%2Caps%2C209&sr=8-274,"Tuchware Smart Lock XS3200 with Fingerprint, PIN, OTP, RFID Card and Manual Key Access for Wooden Doors (RIGHT HANDED)",TUCHWARE,"₹8,999",,N/A,"#242,840 in Home Improvement (See Top 100 in Home Improvement)  #1,022 in Home Security & Surveillance Biometrics"
https://amazon.in/Mukhivala-Smart-Lock-Door-Fingerprint/dp/B0CVLFCPV9/ref=sr_1_275?crid=3MNJ4J5A0A3FY&dib=eyJ2IjoiMSJ9.FFpj_7Mz-vx8N9F2Ka_kNqBQc4WEOw8ueKVx3NRW5glTFiJj5tfPputag7WO1oXdp8j3UP76y7Mq2Sth8GiPaVQc2y-VnSb4XgASl3UUhEF9_QL49EYihwY_zed8COkiJ7fx69p7mGjbTRS7yHhUIw2KDAok4uK1MeVfnae_AlrAmuHdvxXisF7N3cZJNavCdai7z4LCSpx5f8ntB1PlbVcBqRiqf3-wrb2d10ir98N00kwnlbdxamoedcrnKUbQWT8oVeCLHYOEKr9VKSRL9STK_4Fg_pplJD0NV5m6bB4.8RFwPu27NrqiY6RIEbaJWV0LLpp6RJN7Z5bF38RVoaU&dib_tag=se&keywords=smart+lock&qid=1730096365&sprefix=smart+lock%2Caps%2C209&sr=8-275,Mukhivala Smart Lock for Wooden Door | Catus Touch Plus | 5-Way Unlocking | | Fingerprint | Pincode| RFID Access Card | Bluetooth Mobile App | Mechanical Key I Black Finish I Keyless Entry Door Lock,Mukhivala,"₹7,999",,N/A,N/A
https://amazon.in/Fingerprint-Bluetooth-Biometric-Bedroom-Apartment/dp/B0CGWXTFGB/ref=sr_1_276?crid=3MNJ4J5A0A3FY&dib=eyJ2IjoiMSJ9.FFpj_7Mz-vx8N9F2Ka_kNqBQc4WEOw8ueKVx3NRW5glTFiJj5tfPputag7WO1oXdp8j3UP76y7Mq2Sth8GiPaVQc2y-VnSb4XgASl3UUhEF9_QL49EYihwY_zed8COkiJ7fx69p7mGjbTRS7yHhUIw2KDAok4uK1MeVfnae_AlrAmuHdvxXisF7N3cZJNavCdai7z4LCSpx5f8ntB1PlbVcBqRiqf3-wrb2d10ir98N00kwnlbdxamoedcrnKUbQWT8oVeCLHYOEKr9VKSRL9STK_4Fg_pplJD0NV5m6bB4.8RFwPu27NrqiY6RIEbaJWV0LLpp6RJN7Z5bF38RVoaU&dib_tag=se&keywords=smart+lock&qid=1730096365&sprefix=smart+lock%2Caps%2C209&sr=8-276,"Fingerprint Door knob, Fingerprint Door Lock with Code,Keyfob Card,Bluetooth,Key,Biometric Smart Lock for Home Bedroom Apartment",HEIXSMT,"₹10,481.56",,18 ratings,N/A
https://amazon.in/ABEZ-Digital-Door-Lock-Fingerprint/dp/B09LLRBJSY/ref=sr_1_277?crid=3MNJ4J5A0A3FY&dib=eyJ2IjoiMSJ9.FFpj_7Mz-vx8N9F2Ka_kNqBQc4WEOw8ueKVx3NRW5glTFiJj5tfPputag7WO1oXdp8j3UP76y7Mq2Sth8GiPaVQc2y-VnSb4XgASl3UUhEF9_QL49EYihwY_zed8COkiJ7fx69p7mGjbTRS7yHhUIw2KDAok4uK1MeVfnae_AlrAmuHdvxXisF7N3cZJNavCdai7z4LCSpx5f8ntB1PlbVcBqRiqf3-wrb2d10ir98N00kwnlbdxamoedcrnKUbQWT8oVeCLHYOEKr9VKSRL9STK_4Fg_pplJD0NV5m6bB4.8RFwPu27NrqiY6RIEbaJWV0LLpp6RJN7Z5bF38RVoaU&dib_tag=se&keywords=smart+lock&qid=1730096365&sprefix=smart+lock%2Caps%2C209&sr=8-277,"ABEZ AM30i Smart Door Lock, Digital Door Lock with 5 way unlocking Fingerprint/Biometric| RFID Card Access| PIN| Mechanical Key |Mobile Usmartgo App-OTP Access. Compatible with Metal ,Wooden Door with 30mm thick ,for Home and Office use. Universal left and right handle rotation. Stainless steel Mortise with 5 Bolts.",ABEZ- be smart,"₹14,999",,N/A,"#249,510 in Home Improvement (See Top 100 in Home Improvement)  #1,048 in Home Security & Surveillance Biometrics"
https://amazon.in/Okos-Biometric-Pincode-Mechanical-Enabled/dp/B0B5189DXZ/ref=sr_1_278?crid=3MNJ4J5A0A3FY&dib=eyJ2IjoiMSJ9.FFpj_7Mz-vx8N9F2Ka_kNqBQc4WEOw8ueKVx3NRW5glTFiJj5tfPputag7WO1oXdp8j3UP76y7Mq2Sth8GiPaVQc2y-VnSb4XgASl3UUhEF9_QL49EYihwY_zed8COkiJ7fx69p7mGjbTRS7yHhUIw2KDAok4uK1MeVfnae_AlrAmuHdvxXisF7N3cZJNavCdai7z4LCSpx5f8ntB1PlbVcBqRiqf3-wrb2d10ir98N00kwnlbdxamoedcrnKUbQWT8oVeCLHYOEKr9VKSRL9STK_4Fg_pplJD0NV5m6bB4.8RFwPu27NrqiY6RIEbaJWV0LLpp6RJN7Z5bF38RVoaU&dib_tag=se&keywords=smart+lock&qid=1730096365&sprefix=smart+lock%2Caps%2C209&sr=8-278,"Okos Smart Door Lock, WiFi Smart Biometric Door Lock Series 3 | Biometric, Pincode, RF Card, OTP, Mechanical Keys & App Enabled Access Color: Bronze",Okos,"₹28,000",,1 rating,"#322,165 in Home Improvement (See Top 100 in Home Improvement)  #1,254 in Home Security & Surveillance Biometrics"
https://amazon.in/LACASA-LC811B-Fingerprint-Mechanical-Strength/dp/B0BYYTFLTJ/ref=sr_1_279?crid=3MNJ4J5A0A3FY&dib=eyJ2IjoiMSJ9.FFpj_7Mz-vx8N9F2Ka_kNqBQc4WEOw8ueKVx3NRW5glTFiJj5tfPputag7WO1oXdp8j3UP76y7Mq2Sth8GiPaVQc2y-VnSb4XgASl3UUhEF9_QL49EYihwY_zed8COkiJ7fx69p7mGjbTRS7yHhUIw2KDAok4uK1MeVfnae_AlrAmuHdvxXisF7N3cZJNavCdai7z4LCSpx5f8ntB1PlbVcBqRiqf3-wrb2d10ir98N00kwnlbdxamoedcrnKUbQWT8oVeCLHYOEKr9VKSRL9STK_4Fg_pplJD0NV5m6bB4.8RFwPu27NrqiY6RIEbaJWV0LLpp6RJN7Z5bF38RVoaU&dib_tag=se&keywords=smart+lock&qid=1730096365&sprefix=smart+lock%2Caps%2C209&sr=8-279,LACASA Smart Door Lock LC811B |Fingerprint | Pincode | RFID Access Card | Wi-Fi Mobile App | Mechanical Key | Time Based Access | Auto Locking | High Strength | for Home and Office(Black),LACASA,"₹13,978",,N/A,"#363,866 in Home Improvement (See Top 100 in Home Improvement)  #1,385 in Home Security & Surveillance Biometrics"
https://amazon.in/Tuchware-XS1100-Smart-RFID-Door/dp/B0BQMFFWTL/ref=sr_1_280?crid=3MNJ4J5A0A3FY&dib=eyJ2IjoiMSJ9.FFpj_7Mz-vx8N9F2Ka_kNqBQc4WEOw8ueKVx3NRW5glTFiJj5tfPputag7WO1oXdp8j3UP76y7Mq2Sth8GiPaVQc2y-VnSb4XgASl3UUhEF9_QL49EYihwY_zed8COkiJ7fx69p7mGjbTRS7yHhUIw2KDAok4uK1MeVfnae_AlrAmuHdvxXisF7N3cZJNavCdai7z4LCSpx5f8ntB1PlbVcBqRiqf3-wrb2d10ir98N00kwnlbdxamoedcrnKUbQWT8oVeCLHYOEKr9VKSRL9STK_4Fg_pplJD0NV5m6bB4.8RFwPu27NrqiY6RIEbaJWV0LLpp6RJN7Z5bF38RVoaU&dib_tag=se&keywords=smart+lock&qid=1730096365&sprefix=smart+lock%2Caps%2C209&sr=8-280,"Tuchware XS1100 Smart RFID+BLE, Door Lock - Keyless Entry for Homes, Apartments, Office, Hotels (Right Handed Inside Open, Golden)",TUCHWARE,"₹6,067.18",,N/A,N/A
https://amazon.in/Lengenda-Fingerprint-Bedroom-Emergency-Charging/dp/B0D6RWD4W6/ref=sr_1_281?crid=3MNJ4J5A0A3FY&dib=eyJ2IjoiMSJ9.FFpj_7Mz-vx8N9F2Ka_kNqBQc4WEOw8ueKVx3NRW5glTFiJj5tfPputag7WO1oXdp8j3UP76y7Mq2Sth8GiPaVQc2y-VnSb4XgASl3UUhEF9_QL49EYihwY_zed8COkiJ7fx69p7mGjbTRS7yHhUIw2KDAok4uK1MeVfnae_AlrAmuHdvxXisF7N3cZJNavCdai7z4LCSpx5f8ntB1PlbVcBqRiqf3-wrb2d10ir98N00kwnlbdxamoedcrnKUbQWT8oVeCLHYOEKr9VKSRL9STK_4Fg_pplJD0NV5m6bB4.8RFwPu27NrqiY6RIEbaJWV0LLpp6RJN7Z5bF38RVoaU&dib_tag=se&keywords=smart+lock&qid=1730096365&sprefix=smart+lock%2Caps%2C209&sr=8-281,"Lengenda Smart Door Lock Knob Smart Fingerprint Door Lock, with App Smart Lock for Bedroom Door, Keyless Entry, Emergency Charging (Tuya version Black)",Lengenda,N/A,N/A,N/A,N/A
https://amazon.in/Olpad-Bluetooth-Fingerprint-Magnetic-Temporary/dp/B0CV5GLPVW/ref=sr_1_282?crid=3MNJ4J5A0A3FY&dib=eyJ2IjoiMSJ9.FFpj_7Mz-vx8N9F2Ka_kNqBQc4WEOw8ueKVx3NRW5glTFiJj5tfPputag7WO1oXdp8j3UP76y7Mq2Sth8GiPaVQc2y-VnSb4XgASl3UUhEF9_QL49EYihwY_zed8COkiJ7fx69p7mGjbTRS7yHhUIw2KDAok4uK1MeVfnae_AlrAmuHdvxXisF7N3cZJNavCdai7z4LCSpx5f8ntB1PlbVcBqRiqf3-wrb2d10ir98N00kwnlbdxamoedcrnKUbQWT8oVeCLHYOEKr9VKSRL9STK_4Fg_pplJD0NV5m6bB4.8RFwPu27NrqiY6RIEbaJWV0LLpp6RJN7Z5bF38RVoaU&dib_tag=se&keywords=smart+lock&qid=1730096365&sprefix=smart+lock%2Caps%2C209&sr=8-282,"Olpad Smart Door Lock for Home, Bluetooth Lock, Fingerprint, Magnetic Card, Password Key, Remote Unlock Temporary Password Home (Color : Black)",Olpad,"₹7,999",,N/A,N/A
https://amazon.in/IUPPA-Fingerprint-Mechanical-Fingerprints-Semicircle/dp/B0CJXZLJB3/ref=sr_1_283?crid=3MNJ4J5A0A3FY&dib=eyJ2IjoiMSJ9.FFpj_7Mz-vx8N9F2Ka_kNqBQc4WEOw8ueKVx3NRW5glTFiJj5tfPputag7WO1oXdp8j3UP76y7Mq2Sth8GiPaVQc2y-VnSb4XgASl3UUhEF9_QL49EYihwY_zed8COkiJ7fx69p7mGjbTRS7yHhUIw2KDAok4uK1MeVfnae_AlrAmuHdvxXisF7N3cZJNavCdai7z4LCSpx5f8ntB1PlbVcBqRiqf3-wrb2d10ir98N00kwnlbdxamoedcrnKUbQWT8oVeCLHYOEKr9VKSRL9STK_4Fg_pplJD0NV5m6bB4.8RFwPu27NrqiY6RIEbaJWV0LLpp6RJN7Z5bF38RVoaU&dib_tag=se&keywords=smart+lock&qid=1730096365&sprefix=smart+lock%2Caps%2C209&sr=8-283,IUPPA Smart Glass Door Lock Fingerprint & APP & Mechanical Key 3 Unlocking Ways Stainless Steel 100 Fingerprints Smart Doorlock Rotating Semicircle Smart BT Lock for 12mm Glass Door Offices,N/A,"₹17,455",,N/A,"#361,708 in Home Improvement (See Top 100 in Home Improvement)  #1,377 in Home Security & Surveillance Biometrics"
https://amazon.in/Okos-Fingerprint-Electronic-Mechanical-Security/dp/B0B7HZM52P/ref=sr_1_284?crid=3MNJ4J5A0A3FY&dib=eyJ2IjoiMSJ9.FFpj_7Mz-vx8N9F2Ka_kNqBQc4WEOw8ueKVx3NRW5glTFiJj5tfPputag7WO1oXdp8j3UP76y7Mq2Sth8GiPaVQc2y-VnSb4XgASl3UUhEF9_QL49EYihwY_zed8COkiJ7fx69p7mGjbTRS7yHhUIw2KDAok4uK1MeVfnae_AlrAmuHdvxXisF7N3cZJNavCdai7z4LCSpx5f8ntB1PlbVcBqRiqf3-wrb2d10ir98N00kwnlbdxamoedcrnKUbQWT8oVeCLHYOEKr9VKSRL9STK_4Fg_pplJD0NV5m6bB4.8RFwPu27NrqiY6RIEbaJWV0LLpp6RJN7Z5bF38RVoaU&dib_tag=se&keywords=smart+lock&qid=1730096365&sprefix=smart+lock%2Caps%2C209&sr=8-284,"Okos Smart Glass Door Lock WiFi Fingerprint Door Lock, Electronic Key Less Entry Door Mortise Lock with RFID Cards,Okos Remote App Unlock and Mechanical Key for Door Security (Black, Right/Left Door)",Okos,"₹15,500",,N/A,"#376,015 in Home Improvement (See Top 100 in Home Improvement)  #1,436 in Home Security & Surveillance Biometrics"
https://amazon.in/MagiDeal-Personal-Security-Fingerprint-Material/dp/B0759G3M3N/ref=sr_1_285?crid=3MNJ4J5A0A3FY&dib=eyJ2IjoiMSJ9.FFpj_7Mz-vx8N9F2Ka_kNqBQc4WEOw8ueKVx3NRW5glTFiJj5tfPputag7WO1oXdp8j3UP76y7Mq2Sth8GiPaVQc2y-VnSb4XgASl3UUhEF9_QL49EYihwY_zed8COkiJ7fx69p7mGjbTRS7yHhUIw2KDAok4uK1MeVfnae_AlrAmuHdvxXisF7N3cZJNavCdai7z4LCSpx5f8ntB1PlbVcBqRiqf3-wrb2d10ir98N00kwnlbdxamoedcrnKUbQWT8oVeCLHYOEKr9VKSRL9STK_4Fg_pplJD0NV5m6bB4.8RFwPu27NrqiY6RIEbaJWV0LLpp6RJN7Z5bF38RVoaU&dib_tag=se&keywords=smart+lock&qid=1730096365&sprefix=smart+lock%2Caps%2C209&sr=8-285,MagiDeal Home Personal Use Door Security Fingerprint Key Access Control Smart Door Lock Handles Alloy Material Copper,Magideal,"₹13,269",,N/A,N/A
https://amazon.in/LACASA-LC710-Lock-Fingerprint-PIN-RFID-Suitable/dp/B0CSYNDVZ8/ref=sr_1_286?crid=3MNJ4J5A0A3FY&dib=eyJ2IjoiMSJ9.FFpj_7Mz-vx8N9F2Ka_kNqBQc4WEOw8ueKVx3NRW5glTFiJj5tfPputag7WO1oXdp8j3UP76y7Mq2Sth8GiPaVQc2y-VnSb4XgASl3UUhEF9_QL49EYihwY_zed8COkiJ7fx69p7mGjbTRS7yHhUIw2KDAok4uK1MeVfnae_AlrAmuHdvxXisF7N3cZJNavCdai7z4LCSpx5f8ntB1PlbVcBqRiqf3-wrb2d10ir98N00kwnlbdxamoedcrnKUbQWT8oVeCLHYOEKr9VKSRL9STK_4Fg_pplJD0NV5m6bB4.8RFwPu27NrqiY6RIEbaJWV0LLpp6RJN7Z5bF38RVoaU&dib_tag=se&keywords=smart+lock&qid=1730096365&sprefix=smart+lock%2Caps%2C209&sr=8-286,LACASA LC710 | 14inch Smart Digital Door Lock Fingerprint-PIN-RFID Card & Manual Key|Child Lock |5 Bolt Strong Mortise | Suitable for Wooden and Metal Doors (Black),LACASA,"₹8,199",,N/A,N/A
https://amazon.in/DURAGS-Fingerprint-Keyless-Passcodes-Apartment/dp/B0CQTF9MDJ/ref=sr_1_287?crid=3MNJ4J5A0A3FY&dib=eyJ2IjoiMSJ9.FFpj_7Mz-vx8N9F2Ka_kNqBQc4WEOw8ueKVx3NRW5glTFiJj5tfPputag7WO1oXdp8j3UP76y7Mq2Sth8GiPaVQc2y-VnSb4XgASl3UUhEF9_QL49EYihwY_zed8COkiJ7fx69p7mGjbTRS7yHhUIw2KDAok4uK1MeVfnae_AlrAmuHdvxXisF7N3cZJNavCdai7z4LCSpx5f8ntB1PlbVcBqRiqf3-wrb2d10ir98N00kwnlbdxamoedcrnKUbQWT8oVeCLHYOEKr9VKSRL9STK_4Fg_pplJD0NV5m6bB4.8RFwPu27NrqiY6RIEbaJWV0LLpp6RJN7Z5bF38RVoaU&dib_tag=se&keywords=smart+lock&qid=1730096365&sprefix=smart+lock%2Caps%2C209&sr=8-287,DURAGS Smart Lock Fingerprint Smart Door Lock with Handle 4 in 1 Keyless Entry Tuya APP Key Passcodes Smart Knobs for Front Door Bedroom Apartment Hotel Black,DURAGS,N/A,N/A,N/A,N/A
https://amazon.in/VMS-INDIA-Electronic-Password-Fingerprint/dp/B09ZKXNJWC/ref=sr_1_288?crid=3MNJ4J5A0A3FY&dib=eyJ2IjoiMSJ9.FFpj_7Mz-vx8N9F2Ka_kNqBQc4WEOw8ueKVx3NRW5glTFiJj5tfPputag7WO1oXdp8j3UP76y7Mq2Sth8GiPaVQc2y-VnSb4XgASl3UUhEF9_QL49EYihwY_zed8COkiJ7fx69p7mGjbTRS7yHhUIw2KDAok4uK1MeVfnae_AlrAmuHdvxXisF7N3cZJNavCdai7z4LCSpx5f8ntB1PlbVcBqRiqf3-wrb2d10ir98N00kwnlbdxamoedcrnKUbQWT8oVeCLHYOEKr9VKSRL9STK_4Fg_pplJD0NV5m6bB4.8RFwPu27NrqiY6RIEbaJWV0LLpp6RJN7Z5bF38RVoaU&dib_tag=se&keywords=smart+lock&qid=1730096365&sprefix=smart+lock%2Caps%2C209&sr=8-288,VMS INDIA Electronic Touch Smart Door Lock Password Fingerprint Card Door Lock Copper,VMS INDIA,"₹25,114",,N/A,N/A
https://amazon.in/Biometric-Fingerprint-Password-attendance-Waterproof/dp/B0CTGLV29N/ref=sr_1_289?crid=3MNJ4J5A0A3FY&dib=eyJ2IjoiMSJ9.FFpj_7Mz-vx8N9F2Ka_kNqBQc4WEOw8ueKVx3NRW5glTFiJj5tfPputag7WO1oXdp8j3UP76y7Mq2Sth8GiPaVQc2y-VnSb4XgASl3UUhEF9_QL49EYihwY_zed8COkiJ7fx69p7mGjbTRS7yHhUIw2KDAok4uK1MeVfnae_AlrAmuHdvxXisF7N3cZJNavCdai7z4LCSpx5f8ntB1PlbVcBqRiqf3-wrb2d10ir98N00kwnlbdxamoedcrnKUbQWT8oVeCLHYOEKr9VKSRL9STK_4Fg_pplJD0NV5m6bB4.8RFwPu27NrqiY6RIEbaJWV0LLpp6RJN7Z5bF38RVoaU&dib_tag=se&keywords=smart+lock&qid=1730096365&sprefix=smart+lock%2Caps%2C209&sr=8-289,"Jenix K155 WiFi Smart Biometric Fingerprint, Password, Mobile app Access Control Cum attendance Waterproof RFID keypad Lock System",N/A,"₹4,250",,1 rating,"#84,477 in Home Improvement (See Top 100 in Home Improvement)  #448 in Home Security & Surveillance Biometrics"
https://amazon.in/Fingerprint-Keyless-Biometric-Finger-Bedroom/dp/B0CH7T7683/ref=sr_1_290?crid=3MNJ4J5A0A3FY&dib=eyJ2IjoiMSJ9.FFpj_7Mz-vx8N9F2Ka_kNqBQc4WEOw8ueKVx3NRW5glTFiJj5tfPputag7WO1oXdp8j3UP76y7Mq2Sth8GiPaVQc2y-VnSb4XgASl3UUhEF9_QL49EYihwY_zed8COkiJ7fx69p7mGjbTRS7yHhUIw2KDAok4uK1MeVfnae_AlrAmuHdvxXisF7N3cZJNavCdai7z4LCSpx5f8ntB1PlbVcBqRiqf3-wrb2d10ir98N00kwnlbdxamoedcrnKUbQWT8oVeCLHYOEKr9VKSRL9STK_4Fg_pplJD0NV5m6bB4.8RFwPu27NrqiY6RIEbaJWV0LLpp6RJN7Z5bF38RVoaU&dib_tag=se&keywords=smart+lock&qid=1730096365&sprefix=smart+lock%2Caps%2C209&sr=8-290,"Fingerprint Door Knobs with APP, Keyless Entry Smart Door Lock with Biometric Finger Print, Keys for Bedroom Home Office Hotel (Silver)",DSTMLOCKFTY,"₹8,435.47",,87 ratings,N/A
https://amazon.in/Digital-Fingerprint-Compatible-Smartlife-Application/dp/B0DCNZZRQS/ref=sr_1_291?crid=3MNJ4J5A0A3FY&dib=eyJ2IjoiMSJ9.FFpj_7Mz-vx8N9F2Ka_kNqBQc4WEOw8ueKVx3NRW5glTFiJj5tfPputag7WO1oXdp8j3UP76y7Mq2Sth8GiPaVQc2y-VnSb4XgASl3UUhEF9_QL49EYihwY_zed8COkiJ7fx69p7mGjbTRS7yHhUIw2KDAok4uK1MeVfnae_AlrAmuHdvxXisF7N3cZJNavCdai7z4LCSpx5f8ntB1PlbVcBqRiqf3-wrb2d10ir98N00kwnlbdxamoedcrnKUbQWT8oVeCLHYOEKr9VKSRL9STK_4Fg_pplJD0NV5m6bB4.8RFwPu27NrqiY6RIEbaJWV0LLpp6RJN7Z5bF38RVoaU&dib_tag=se&keywords=smart+lock&qid=1730096365&sprefix=smart+lock%2Caps%2C209&sr=8-291,"idoor Halo, Smart Door Lock, Digital Lock for Wooden Door, WiFi, Fingerprint, Tuya Compatible, Smartlife Application,Ic Card, Manual Key",IDOOR,N/A,N/A,N/A,N/A
https://amazon.in/AUTOMATEX-Fingerprint-Biometric-Cabinets-Wardrobe/dp/B0DD49BPJN/ref=sr_1_292?crid=3MNJ4J5A0A3FY&dib=eyJ2IjoiMSJ9.FFpj_7Mz-vx8N9F2Ka_kNqBQc4WEOw8ueKVx3NRW5glTFiJj5tfPputag7WO1oXdp8j3UP76y7Mq2Sth8GiPaVQc2y-VnSb4XgASl3UUhEF9_QL49EYihwY_zed8COkiJ7fx69p7mGjbTRS7yHhUIw2KDAok4uK1MeVfnae_AlrAmuHdvxXisF7N3cZJNavCdai7z4LCSpx5f8ntB1PlbVcBqRiqf3-wrb2d10ir98N00kwnlbdxamoedcrnKUbQWT8oVeCLHYOEKr9VKSRL9STK_4Fg_pplJD0NV5m6bB4.8RFwPu27NrqiY6RIEbaJWV0LLpp6RJN7Z5bF38RVoaU&dib_tag=se&keywords=smart+lock&qid=1730096365&sprefix=smart+lock%2Caps%2C209&sr=8-292,"AUTOMATEX Fingerprint Biometric Lock for Cabinets, Door,Wardrobe & Almirah for Home & Office",AUTOMATEX,"₹3,720",,N/A,N/A
https://amazon.in/Original-QUBA-Qrious-Smart-Digital/dp/B0CWYD5LB4/ref=sr_1_293?crid=3MNJ4J5A0A3FY&dib=eyJ2IjoiMSJ9.FFpj_7Mz-vx8N9F2Ka_kNqBQc4WEOw8ueKVx3NRW5glTFiJj5tfPputag7WO1oXdp8j3UP76y7Mq2Sth8GiPaVQc2y-VnSb4XgASl3UUhEF9_QL49EYihwY_zed8COkiJ7fx69p7mGjbTRS7yHhUIw2KDAok4uK1MeVfnae_AlrAmuHdvxXisF7N3cZJNavCdai7z4LCSpx5f8ntB1PlbVcBqRiqf3-wrb2d10ir98N00kwnlbdxamoedcrnKUbQWT8oVeCLHYOEKr9VKSRL9STK_4Fg_pplJD0NV5m6bB4.8RFwPu27NrqiY6RIEbaJWV0LLpp6RJN7Z5bF38RVoaU&dib_tag=se&keywords=smart+lock&qid=1730096365&sprefix=smart+lock%2Caps%2C209&sr=8-293,The Original QUBA Qrious Smart Digital Door Lock: 3-Way Unlocking - Biometric Fingerprint Access | WiFi Remote Unlocking Thru App | 5 - Mechanical Keys | 3 Years Warranty,Quba,N/A,1.0,1 rating,"#286,230 in Home Improvement (See Top 100 in Home Improvement)  #1,153 in Home Security & Surveillance Biometrics"
https://amazon.in/Security-Digital-Biometric-Fingerprint-Tongtong/dp/B0DKNLX8VP/ref=sr_1_294?crid=3MNJ4J5A0A3FY&dib=eyJ2IjoiMSJ9.FFpj_7Mz-vx8N9F2Ka_kNqBQc4WEOw8ueKVx3NRW5glTFiJj5tfPputag7WO1oXdp8j3UP76y7Mq2Sth8GiPaVQc2y-VnSb4XgASl3UUhEF9_QL49EYihwY_zed8COkiJ7fx69p7mGjbTRS7yHhUIw2KDAok4uK1MeVfnae_AlrAmuHdvxXisF7N3cZJNavCdai7z4LCSpx5f8ntB1PlbVcBqRiqf3-wrb2d10ir98N00kwnlbdxamoedcrnKUbQWT8oVeCLHYOEKr9VKSRL9STK_4Fg_pplJD0NV5m6bB4.8RFwPu27NrqiY6RIEbaJWV0LLpp6RJN7Z5bF38RVoaU&dib_tag=se&keywords=smart+lock&qid=1730096365&sprefix=smart+lock%2Caps%2C209&sr=8-294,"SIK Smart Door Lock, Security Digital Door Lock Virtual Code Input Low Battery Alarm Card Key Unlock Biometric Fingerprint for Tongtong Lock",SAI INDER KALA,N/A,N/A,N/A,N/A
https://amazon.in/AM30-unlocking-Fingerprint-Mechanical-Compatible/dp/B09LYDCFYC/ref=sr_1_295?crid=3MNJ4J5A0A3FY&dib=eyJ2IjoiMSJ9.FFpj_7Mz-vx8N9F2Ka_kNqBQc4WEOw8ueKVx3NRW5glTFiJj5tfPputag7WO1oXdp8j3UP76y7Mq2Sth8GiPaVQc2y-VnSb4XgASl3UUhEF9_QL49EYihwY_zed8COkiJ7fx69p7mGjbTRS7yHhUIw2KDAok4uK1MeVfnae_AlrAmuHdvxXisF7N3cZJNavCdai7z4LCSpx5f8ntB1PlbVcBqRiqf3-wrb2d10ir98N00kwnlbdxamoedcrnKUbQWT8oVeCLHYOEKr9VKSRL9STK_4Fg_pplJD0NV5m6bB4.8RFwPu27NrqiY6RIEbaJWV0LLpp6RJN7Z5bF38RVoaU&dib_tag=se&keywords=smart+lock&qid=1730096365&sprefix=smart+lock%2Caps%2C209&sr=8-295,"ABEZ AM30 Smart Door Lock, Digital Door Lock with 5 way unlocking Fingerprint/Biometric| RFID Card Access| PIN| Mechanical Key |NFC. Compatible with Metal,Wooden Door with 30mm thick ,for Home and Office use. Universal left and right handle rotation. Stainless steel Mortise with 5 Bolts(Black)",ABEZ- be smart,"₹13,999",4.4,N/A,"#341,106 in Home Improvement (See Top 100 in Home Improvement)  #1,311 in Home Security & Surveillance Biometrics"
https://amazon.in/Fingerprint-Control-Emergency-Charging-Interior/dp/B0CSRY3TZN/ref=sr_1_296?crid=3MNJ4J5A0A3FY&dib=eyJ2IjoiMSJ9.FFpj_7Mz-vx8N9F2Ka_kNqBQc4WEOw8ueKVx3NRW5glTFiJj5tfPputag7WO1oXdp8j3UP76y7Mq2Sth8GiPaVQc2y-VnSb4XgASl3UUhEF9_QL49EYihwY_zed8COkiJ7fx69p7mGjbTRS7yHhUIw2KDAok4uK1MeVfnae_AlrAmuHdvxXisF7N3cZJNavCdai7z4LCSpx5f8ntB1PlbVcBqRiqf3-wrb2d10ir98N00kwnlbdxamoedcrnKUbQWT8oVeCLHYOEKr9VKSRL9STK_4Fg_pplJD0NV5m6bB4.8RFwPu27NrqiY6RIEbaJWV0LLpp6RJN7Z5bF38RVoaU&dib_tag=se&keywords=smart+lock&qid=1730096365&sprefix=smart+lock%2Caps%2C209&sr=8-296,Smart Door Knob Stable Fingerprint Door Knob with 3 Keys APP/Key/Fingerprint Control Door Lock Safe 3 Ways Unlock Door Knob Emergency Charging Door Lock for Interior Doors(black),N/A,"₹13,595",,N/A,N/A
https://amazon.in/sspa/click?ie=UTF8&spc=MTo4NTk4NTQwMjQwNTY5OTc0OjE3MzAwOTYzNjU6c3BfYnRmOjMwMDMyMzU1MDMxMzYzMjo6MDo6&url=%2FUnlocking-Fingerprint-Bluetooth-Mechanical-Stainless%2Fdp%2FB0C2CS3FNJ%2Fref%3Dsr_1_297_sspa%3Fcrid%3D3MNJ4J5A0A3FY%26dib%3DeyJ2IjoiMSJ9.FFpj_7Mz-vx8N9F2Ka_kNqBQc4WEOw8ueKVx3NRW5glTFiJj5tfPputag7WO1oXdp8j3UP76y7Mq2Sth8GiPaVQc2y-VnSb4XgASl3UUhEF9_QL49EYihwY_zed8COkiJ7fx69p7mGjbTRS7yHhUIw2KDAok4uK1MeVfnae_AlrAmuHdvxXisF7N3cZJNavCdai7z4LCSpx5f8ntB1PlbVcBqRiqf3-wrb2d10ir98N00kwnlbdxamoedcrnKUbQWT8oVeCLHYOEKr9VKSRL9STK_4Fg_pplJD0NV5m6bB4.8RFwPu27NrqiY6RIEbaJWV0LLpp6RJN7Z5bF38RVoaU%26dib_tag%3Dse%26keywords%3Dsmart%2Block%26qid%3D1730096365%26sprefix%3Dsmart%2Block%252Caps%252C209%26sr%3D8-297-spons%26sp_csd%3Dd2lkZ2V0TmFtZT1zcF9idGY%26psc%3D1,Atomberg SL 1 Smart Door Lock | 6 Ways Unlocking | Fingerprint | PIN | OTP | NFC Card | Atomberg Home App (Data Stored in India)| Key | 5 Stainless Steel Bolt | 2 Year Warranty by Atomberg (Rose Gold),atomberg,"₹13,999",Deal is no longer available.,130 ratings,"#5,185 in Home Improvement (See Top 100 in Home Improvement)  #32 in Home Security & Surveillance Biometrics"
https://amazon.in/sspa/click?ie=UTF8&spc=MTo4NTk4NTQwMjQwNTY5OTc0OjE3MzAwOTYzNjU6c3BfYnRmOjMwMDI1OTczODMxMDgzMjo6MDo6&url=%2FBiometric-Emergency-Required-Warranty-Installation%2Fdp%2FB0D1RG66W3%2Fref%3Dsr_1_298_sspa%3Fcrid%3D3MNJ4J5A0A3FY%26dib%3DeyJ2IjoiMSJ9.FFpj_7Mz-vx8N9F2Ka_kNqBQc4WEOw8ueKVx3NRW5glTFiJj5tfPputag7WO1oXdp8j3UP76y7Mq2Sth8GiPaVQc2y-VnSb4XgASl3UUhEF9_QL49EYihwY_zed8COkiJ7fx69p7mGjbTRS7yHhUIw2KDAok4uK1MeVfnae_AlrAmuHdvxXisF7N3cZJNavCdai7z4LCSpx5f8ntB1PlbVcBqRiqf3-wrb2d10ir98N00kwnlbdxamoedcrnKUbQWT8oVeCLHYOEKr9VKSRL9STK_4Fg_pplJD0NV5m6bB4.8RFwPu27NrqiY6RIEbaJWV0LLpp6RJN7Z5bF38RVoaU%26dib_tag%3Dse%26keywords%3Dsmart%2Block%26qid%3D1730096365%26sprefix%3Dsmart%2Block%252Caps%252C209%26sr%3D8-298-spons%26sp_csd%3Dd2lkZ2V0TmFtZT1zcF9idGY%26psc%3D1,"Speedy WiFi Enabled Smart Door Lock for Main Door with 5 in 1 Access | Biometric, 2 Emergency Keys | (No Extra Gateway Required) | 2-Year Warranty & Free Installation by Brand",SPEEDY,"₹6,608",,26 ratings,"#3,645 in Home Improvement (See Top 100 in Home Improvement)  #22 in Home Security & Surveillance Biometrics"
https://amazon.in/sspa/click?ie=UTF8&spc=MTo4NTk4NTQwMjQwNTY5OTc0OjE3MzAwOTYzNjU6c3BfYnRmOjMwMDE5NzExNDQ5MDAzMjo6MDo6&url=%2FLAVNA-Fingerprint-Bluetooth-LA24-Camera%2Fdp%2FB0CTHPNRKN%2Fref%3Dsr_1_299_sspa%3Fcrid%3D3MNJ4J5A0A3FY%26dib%3DeyJ2IjoiMSJ9.FFpj_7Mz-vx8N9F2Ka_kNqBQc4WEOw8ueKVx3NRW5glTFiJj5tfPputag7WO1oXdp8j3UP76y7Mq2Sth8GiPaVQc2y-VnSb4XgASl3UUhEF9_QL49EYihwY_zed8COkiJ7fx69p7mGjbTRS7yHhUIw2KDAok4uK1MeVfnae_AlrAmuHdvxXisF7N3cZJNavCdai7z4LCSpx5f8ntB1PlbVcBqRiqf3-wrb2d10ir98N00kwnlbdxamoedcrnKUbQWT8oVeCLHYOEKr9VKSRL9STK_4Fg_pplJD0NV5m6bB4.8RFwPu27NrqiY6RIEbaJWV0LLpp6RJN7Z5bF38RVoaU%26dib_tag%3Dse%26keywords%3Dsmart%2Block%26qid%3D1730096365%26sprefix%3Dsmart%2Block%252Caps%252C209%26sr%3D8-299-spons%26sp_csd%3Dd2lkZ2V0TmFtZT1zcF9idGY%26psc%3D1,"LAVNA Aluminium Smart Digital Door Lock With Fingerprint,Bluetooth + Wifi,Mobile App,Otp,Pin,Rfid Card And Manual Key Access For Wooden Doors(La24 Black)(Camera)",LAVNA,"₹11,390",,"1,001 ratings","#2,719 in Home Improvement (See Top 100 in Home Improvement)  #16 in Home Security & Surveillance Biometrics"
https://amazon.in/sspa/click?ie=UTF8&spc=MTo4NTk4NTQwMjQwNTY5OTc0OjE3MzAwOTYzNjU6c3BfYnRmOjMwMDM1OTE5MTcwMzEzMjo6MDo6&url=%2FGodrej-LockICatus-BlackIDigital-Fingerprint-Locking%2Fdp%2FB0DFTM5VR5%2Fref%3Dsr_1_300_sspa%3Fcrid%3D3MNJ4J5A0A3FY%26dib%3DeyJ2IjoiMSJ9.FFpj_7Mz-vx8N9F2Ka_kNqBQc4WEOw8ueKVx3NRW5glTFiJj5tfPputag7WO1oXdp8j3UP76y7Mq2Sth8GiPaVQc2y-VnSb4XgASl3UUhEF9_QL49EYihwY_zed8COkiJ7fx69p7mGjbTRS7yHhUIw2KDAok4uK1MeVfnae_AlrAmuHdvxXisF7N3cZJNavCdai7z4LCSpx5f8ntB1PlbVcBqRiqf3-wrb2d10ir98N00kwnlbdxamoedcrnKUbQWT8oVeCLHYOEKr9VKSRL9STK_4Fg_pplJD0NV5m6bB4.8RFwPu27NrqiY6RIEbaJWV0LLpp6RJN7Z5bF38RVoaU%26dib_tag%3Dse%26keywords%3Dsmart%2Block%26qid%3D1730096365%26sprefix%3Dsmart%2Block%252Caps%252C209%26sr%3D8-300-spons%26sp_csd%3Dd2lkZ2V0TmFtZT1zcF9idGY%26psc%3D1,Godrej Smart LockICatus Touch Plus & Catus Touch BlackIDigital Lock for Wooden Door I 4 in 1 Access I Fingerprint I RFID I PIN Access I Mechanical Key I 3 Strong Dead Locking Bolts I Black Finish,Godrej Locking Solutions and Systems,"₹18,934",,N/A,"#145,484 in Home Improvement (See Top 100 in Home Improvement)  #704 in Home Security & Surveillance Biometrics"
https://amazon.inhttps://aax-eu.amazon.in/x/c/JPLMJm79slKRm8Ckr7UbGDQAAAGS0cd-mAMAAAH2AQBvbm9fdHhuX2JpZDIgICBvbm9fdHhuX2ltcDEgICBfZJ1q/https://www.amazon.in/Mygate-Fingerprint-Mechanical-Feature-Warranty/dp/B0DD4DKCDH/ref=sxbs_sbv_search_btf?content-id=amzn1.sym.0e800d3e-a8c4-466c-97dc-d089e27309f1%3Aamzn1.sym.0e800d3e-a8c4-466c-97dc-d089e27309f1&crid=3MNJ4J5A0A3FY&cv_ct_cx=smart+lock&dib=eyJ2IjoiMSJ9.YiXUFFSYOzSjgWIPLWeI2w.weuhR9VU0ms1qt8_mokPCcle73o3lyf9XbiySHmVguU&dib_tag=se&keywords=smart+lock&pd_rd_i=B0DD4DKCDH&pd_rd_r=15251aab-075e-4a11-a0df-90e6cdbd8a2d&pd_rd_w=hH6iI&pd_rd_wg=0UUSX&pf_rd_p=0e800d3e-a8c4-466c-97dc-d089e27309f1&pf_rd_r=9HPTH3G2MV5NKHE4R547&qid=1730096365&sbo=Tc8eqSFhUl4VwMzbE4fw%2Fw%3D%3D&sprefix=smart+lock%2Caps%2C209&sr=1-241-06195d41-65bd-48f4-8e70-03d97b6094ec,N/A,N/A,N/A,N/A,N/A,N/A
